imdb_id,type
tt0075314,SERIES
tt0068473,MOVIE
tt0071853,MOVIE
tt0061578,MOVIE
tt0063929,MOVIE
tt0079470,SERIES
tt0066999,MOVIE
tt0061418,MOVIE
tt0080453,MOVIE
tt0054953,MOVIE
tt0060862,MOVIE
tt0079807,MOVIE
tt0047673,MOVIE
tt0051390,MOVIE
tt0191182,MOVIE
tt0068562,MOVIE
tt0077751,MOVIE
tt0064038,MOVIE
tt0080653,MOVIE
tt0057357,MOVIE
tt0079749,MOVIE
tt0047500,MOVIE
tt0049761,MOVIE
tt0170799,MOVIE
tt0268639,MOVIE
tt0202477,MOVIE
tt0169599,SERIES
tt0074168,MOVIE
tt0230412,MOVIE
tt0071811,MOVIE
tt0157132,MOVIE
tt0170803,MOVIE
tt3290368,MOVIE
tt1219315,MOVIE
tt0098904,MOVIE
tt0099685,SERIES
tt0093058,MOVIE
tt0087843,MOVIE
tt0098635,MOVIE
tt0087800,MOVIE
tt0098384,MOVIE
tt0087928,MOVIE
tt0085333,MOVIE
tt0083437,MOVIE
tt0086815,SERIES
tt0096694,SERIES
tt0099077,SERIES
tt0072584,MOVIE
tt0097958,SERIES
tt0097722,MOVIE
tt0092948,MOVIE
tt0091939,MOVIE
tt0096643,MOVIE
tt0082329,SERIES
tt0081848,MOVIE
tt13913068,SERIES
tt0095262,MOVIE
tt0159510,MOVIE
tt0329829,MOVIE
tt0307403,SERIES
tt0089108,MOVIE
tt0259057,MOVIE
tt0159511,MOVIE
tt0084352,MOVIE
tt0208903,MOVIE
tt0098999,MOVIE
tt0213984,MOVIE
tt0096286,MOVIE
tt0096179,MOVIE
tt0098237,MOVIE
tt0099429,MOVIE
tt0090589,MOVIE
tt0091106,MOVIE
tt0099396,MOVIE
tt0097926,MOVIE
tt0177505,MOVIE
tt0099858,MOVIE
tt0301231,MOVIE
tt0094052,MOVIE
tt0239495,MOVIE
tt0095945,MOVIE
tt5944220,MOVIE
tt0239682,SERIES
tt0358053,MOVIE
tt0170148,MOVIE
tt0379272,MOVIE
tt0084042,MOVIE
tt0084492,MOVIE
tt0100848,MOVIE
tt0239195,MOVIE
tt0117060,SERIES
tt0118480,MOVIE
tt0114369,SERIES
tt14053732,MOVIE
tt0118749,SERIES
tt0109830,MOVIE
tt0208092,MOVIE
tt0134119,MOVIE
tt0388629,MOVIE
tt6274074,SERIES
tt0120338,SERIES
tt0213338,MOVIE
tt0120201,SERIES
tt0120755,MOVIE
tt0109686,MOVIE
tt0112159,MOVIE
tt0119177,SERIES
tt0110413,MOVIE
tt0238784,MOVIE
tt0110632,SERIES
tt0114214,MOVIE
tt0128853,MOVIE
tt0106064,MOVIE
tt0142342,SERIES
tt0120877,MOVIE
tt4834194,MOVIE
tt0119008,SERIES
tt0108847,MOVIE
tt0111987,SERIES
tt0290223,SERIES
tt0105265,SERIES
tt0172493,MOVIE
tt0107362,MOVIE
tt0111875,MOVIE
tt0102492,SERIES
tt0111756,MOVIE
tt0116213,MOVIE
tt0169858,MOVIE
tt0120434,MOVIE
tt0107206,MOVIE
tt0110367,MOVIE
tt0120873,MOVIE
tt0144701,MOVIE
tt0118615,SERIES
tt0115231,MOVIE
tt0191397,SERIES
tt0120102,MOVIE
tt0113957,MOVIE
tt0106582,MOVIE
tt0107554,MOVIE
tt0113481,MOVIE
tt0109015,MOVIE
tt0138414,MOVIE
tt0962637,SERIES
tt0221735,MOVIE
tt0120177,SERIES
tt0222518,MOVIE
tt0159382,SERIES
tt0247102,MOVIE
tt0110657,SERIES
tt0107004,MOVIE
tt0119013,MOVIE
tt0113280,MOVIE
tt0119905,MOVIE
tt0200353,MOVIE
tt0108927,SERIES
tt0115275,SERIES
tt5582224,SERIES
tt0213363,SERIES
tt0172684,SERIES
tt6051792,MOVIE
tt0102227,MOVIE
tt0289649,MOVIE
tt0110076,SERIES
tt0164538,MOVIE
tt0500140,MOVIE
tt0173554,MOVIE
tt0108041,SERIES
tt0221344,MOVIE
tt0108291,MOVIE
tt0174852,MOVIE
tt0249934,MOVIE
tt0152183,MOVIE
tt0112553,MOVIE
tt0206921,SERIES
tt0211634,MOVIE
tt0938333,MOVIE
tt0106655,MOVIE
tt0216817,MOVIE
tt0119629,MOVIE
tt0115895,MOVIE
tt0140399,MOVIE
tt0151121,MOVIE
tt0287570,MOVIE
tt0274789,MOVIE
tt0164550,MOVIE
tt0139872,MOVIE
tt0109134,MOVIE
tt0103123,MOVIE
tt0222270,MOVIE
tt0243174,MOVIE
tt0294967,MOVIE
tt0157183,MOVIE
tt0187096,MOVIE
tt0102058,MOVIE
tt0107060,MOVIE
tt0938332,MOVIE
tt0938331,MOVIE
tt0248012,MOVIE
tt9230920,MOVIE
tt0196355,MOVIE
tt0267130,MOVIE
tt0110545,MOVIE
tt0233856,MOVIE
tt0112916,MOVIE
tt0102537,MOVIE
tt0170416,MOVIE
tt0903747,MOVIE
tt1628033,SERIES
tt1520211,SERIES
tt0460681,SERIES
tt0884328,SERIES
tt0377092,MOVIE
tt1877368,MOVIE
tt0496424,SERIES
tt1526318,SERIES
tt1439629,SERIES
tt0264464,SERIES
tt0413573,MOVIE
tt0367279,SERIES
tt1094229,SERIES
tt8178674,SERIES
tt0302886,SERIES
tt0364845,MOVIE
tt0417299,SERIES
tt0357413,SERIES
tt0758745,MOVIE
tt0487831,SERIES
tt1375666,SERIES
tt0976192,MOVIE
tt0407887,SERIES
tt0415463,MOVIE
tt1591095,SERIES
tt0407304,MOVIE
tt0877057,MOVIE
tt1405406,SERIES
tt0409591,SERIES
tt0493464,SERIES
tt0381061,MOVIE
tt1751105,MOVIE
tt0353049,MOVIE
tt0362227,SERIES
tt0465538,MOVIE
tt0257044,MOVIE
tt1604099,MOVIE
tt0319061,SERIES
tt0887912,MOVIE
tt0332452,MOVIE
tt0988045,MOVIE
tt0290988,MOVIE
tt0314331,SERIES
tt0363307,MOVIE
tt0425061,SERIES
tt0830515,MOVIE
tt0878804,MOVIE
tt0309698,MOVIE
tt0480249,MOVIE
tt0235918,MOVIE
tt1375670,SERIES
tt0265208,MOVIE
tt0405576,MOVIE
tt1152836,MOVIE
tt0277371,MOVIE
tt0221027,MOVIE
tt0448157,MOVIE
tt0972534,MOVIE
tt0454921,SERIES
tt0340855,MOVIE
tt0462499,MOVIE
tt0337741,MOVIE
tt0366551,MOVIE
tt0245674,MOVIE
tt1199099,MOVIE
tt1659175,SERIES
tt0844471,SERIES
tt0270792,MOVIE
tt1530541,SERIES
tt0373883,SERIES
tt0994314,MOVIE
tt0322802,SERIES
tt0839980,MOVIE
tt0410297,MOVIE
tt0830558,MOVIE
tt1037705,MOVIE
tt0450259,MOVIE
tt0425123,MOVIE
tt1220719,MOVIE
tt0478087,MOVIE
tt0758746,MOVIE
tt0948103,MOVIE
tt1228987,SERIES
tt1285482,MOVIE
tt1179056,SERIES
tt7396266,MOVIE
tt0385307,SERIES
tt0825232,MOVIE
tt1710177,MOVIE
tt0367413,SERIES
tt0362120,SERIES
tt0253867,MOVIE
tt1341188,MOVIE
tt0453451,MOVIE
tt0373926,MOVIE
tt0251160,MOVIE
tt1187043,MOVIE
tt0267804,MOVIE
tt0491603,MOVIE
tt0324216,SERIES
tt0281491,MOVIE
tt0312528,SERIES
tt0314353,MOVIE
tt1231583,MOVIE
tt1316554,MOVIE
tt0758794,SERIES
tt0346631,MOVIE
tt0329101,MOVIE
tt0385752,MOVIE
tt0389564,MOVIE
tt1234548,SERIES
tt1190823,MOVIE
tt0983983,SERIES
tt0896798,SERIES
tt1279024,MOVIE
tt1131746,SERIES
tt0385880,SERIES
tt0452625,MOVIE
tt0443649,MOVIE
tt1385867,MOVIE
tt0402901,MOVIE
tt0335438,MOVIE
tt0363282,MOVIE
tt0398375,MOVIE
tt0328962,MOVIE
tt0395495,MOVIE
tt1882928,MOVIE
tt0169102,SERIES
tt0487849,MOVIE
tt1173427,SERIES
tt0272397,SERIES
tt0436331,MOVIE
tt1386932,MOVIE
tt1055292,MOVIE
tt1321509,MOVIE
tt0418647,MOVIE
tt0477071,MOVIE
tt0367085,MOVIE
tt6954486,MOVIE
tt0420294,SERIES
tt0816397,MOVIE
tt1884856,SERIES
tt1421373,SERIES
tt1587790,MOVIE
tt1807824,SERIES
tt0790604,SERIES
tt1135084,MOVIE
tt1209393,MOVIE
tt1370334,SERIES
tt0986264,SERIES
tt1314228,MOVIE
tt0243585,MOVIE
tt1470837,MOVIE
tt1436544,SERIES
tt0297162,SERIES
tt0417311,MOVIE
tt6950338,SERIES
tt0388419,SERIES
tt0772137,MOVIE
tt1422182,SERIES
tt1213012,SERIES
tt3968668,MOVIE
tt1059455,SERIES
tt1033796,SERIES
tt5320634,MOVIE
tt0988982,MOVIE
tt1295085,MOVIE
tt1003009,MOVIE
tt1485763,MOVIE
tt0402910,MOVIE
tt0456020,MOVIE
tt2046005,MOVIE
tt0425601,SERIES
tt0454349,MOVIE
tt0417202,SERIES
tt1422032,MOVIE
tt0865482,MOVIE
tt1516172,MOVIE
tt1639426,SERIES
tt1423972,MOVIE
tt1337032,MOVIE
tt0320024,MOVIE
tt0248126,SERIES
tt0347304,MOVIE
tt1093370,MOVIE
tt1673402,MOVIE
tt0400234,MOVIE
tt6963796,MOVIE
tt0449994,SERIES
tt1524993,MOVIE
tt1764141,SERIES
tt0804558,MOVIE
tt0486578,MOVIE
tt0283770,MOVIE
tt0322645,SERIES
tt0367110,MOVIE
tt0443521,MOVIE
tt0985991,MOVIE
tt1451423,SERIES
tt0405508,MOVIE
tt1585368,MOVIE
tt0459724,SERIES
tt1125758,SERIES
tt1757202,SERIES
tt0499375,SERIES
tt1659261,MOVIE
tt0488798,MOVIE
tt1390471,MOVIE
tt1188112,MOVIE
tt3270208,MOVIE
tt0292490,SERIES
tt0367495,MOVIE
tt0284770,MOVIE
tt1223975,SERIES
tt0492472,MOVIE
tt1339302,MOVIE
tt0800003,MOVIE
tt0492896,MOVIE
tt0419058,MOVIE
tt1703048,MOVIE
tt0274428,MOVIE
tt0484275,MOVIE
tt1074443,MOVIE
tt1420554,SERIES
tt1785394,MOVIE
tt1160524,MOVIE
tt0461936,MOVIE
tt0464160,MOVIE
tt1481363,MOVIE
tt0964516,MOVIE
tt0404777,MOVIE
tt6958564,MOVIE
tt2080922,SERIES
tt0331370,SERIES
tt1252596,MOVIE
tt0217085,MOVIE
tt0469589,MOVIE
tt1017456,MOVIE
tt0479751,MOVIE
tt0366621,MOVIE
tt6978288,MOVIE
tt6951568,MOVIE
tt0384116,SERIES
tt1438298,MOVIE
tt6953650,MOVIE
tt1291465,SERIES
tt19880958,MOVIE
tt0473367,MOVIE
tt1202514,MOVIE
tt0806102,MOVIE
tt0346723,MOVIE
tt0476680,MOVIE
tt0476884,MOVIE
tt0382383,MOVIE
tt0907286,MOVIE
tt1260520,SERIES
tt1324059,SERIES
tt1206326,MOVIE
tt0319020,MOVIE
tt0449999,MOVIE
tt0457802,MOVIE
tt1071815,MOVIE
tt1345777,MOVIE
tt0800956,MOVIE
tt1233451,MOVIE
tt0795156,SERIES
tt1667838,SERIES
tt0347473,MOVIE
tt1230448,MOVIE
tt0451850,MOVIE
tt1230165,MOVIE
tt1608777,MOVIE
tt1037116,MOVIE
tt1578261,MOVIE
tt1274295,MOVIE
tt0442236,MOVIE
tt0448267,MOVIE
tt0886539,MOVIE
tt1324027,MOVIE
tt4570986,MOVIE
tt0791188,SERIES
tt0808306,MOVIE
tt0920464,MOVIE
tt1433810,MOVIE
tt0473658,MOVIE
tt1483930,MOVIE
tt1327035,SERIES
tt1373156,MOVIE
tt1185420,MOVIE
tt5170230,MOVIE
tt1587263,SERIES
tt1185442,MOVIE
tt0355119,MOVIE
tt1395054,SERIES
tt1043451,MOVIE
tt0396659,MOVIE
tt0476527,MOVIE
tt1092005,MOVIE
tt1292703,MOVIE
tt0415908,MOVIE
tt0811066,MOVIE
tt0312859,MOVIE
tt0417528,MOVIE
tt6953928,MOVIE
tt1242530,SERIES
tt0456500,MOVIE
tt0780568,MOVIE
tt6999072,MOVIE
tt0885520,MOVIE
tt1682704,MOVIE
tt1542960,SERIES
tt0815456,MOVIE
tt1266583,MOVIE
tt0305727,MOVIE
tt0863091,MOVIE
tt1178658,MOVIE
tt1843120,MOVIE
tt0439856,MOVIE
tt1170399,MOVIE
tt0497335,MOVIE
tt1047832,MOVIE
tt1428459,MOVIE
tt1602479,MOVIE
tt0323013,SERIES
tt8612066,MOVIE
tt1667724,SERIES
tt9892608,SERIES
tt1415252,SERIES
tt0270053,MOVIE
tt1714832,MOVIE
tt1221139,MOVIE
tt1447508,MOVIE
tt0319736,MOVIE
tt3062514,MOVIE
tt1735848,SERIES
tt1174041,MOVIE
tt0362771,MOVIE
tt1105733,MOVIE
tt0934949,MOVIE
tt0986354,MOVIE
tt1090680,MOVIE
tt0451631,MOVIE
tt0373856,MOVIE
tt0401575,MOVIE
tt4304720,MOVIE
tt1578582,SERIES
tt7885290,MOVIE
tt1524539,SERIES
tt1722436,MOVIE
tt1333656,MOVIE
tt0377610,MOVIE
tt1330525,MOVIE
tt1241195,MOVIE
tt2823414,MOVIE
tt2827516,SERIES
tt0422907,MOVIE
tt1156506,MOVIE
tt21160742,MOVIE
tt3530668,MOVIE
tt0348662,SERIES
tt0422236,MOVIE
tt7131684,MOVIE
tt1783350,SERIES
tt11194518,MOVIE
tt0408976,SERIES
tt1295909,SERIES
tt1179781,MOVIE
tt5295012,MOVIE
tt1094275,SERIES
tt0297241,MOVIE
tt1454440,MOVIE
tt1020042,SERIES
tt1726871,MOVIE
tt1397492,MOVIE
tt1372266,MOVIE
tt1611840,MOVIE
tt0422934,MOVIE
tt1935782,SERIES
tt1320282,MOVIE
tt1273218,MOVIE
tt1392744,MOVIE
tt1120897,MOVIE
tt1479667,MOVIE
tt0922424,MOVIE
tt0979891,MOVIE
tt6286390,MOVIE
tt1312156,MOVIE
tt0488840,MOVIE
tt6194390,MOVIE
tt1351669,SERIES
tt9184102,MOVIE
tt1391544,SERIES
tt1243381,MOVIE
tt6543110,MOVIE
tt0923688,MOVIE
tt6491030,MOVIE
tt0477653,SERIES
tt0990433,MOVIE
tt6442436,SERIES
tt9233832,MOVIE
tt1686795,SERIES
tt0468458,MOVIE
tt0368190,MOVIE
tt1586680,MOVIE
tt1636826,SERIES
tt1790885,MOVIE
tt0948470,MOVIE
tt1877889,MOVIE
tt1345836,SERIES
tt1229238,MOVIE
tt1826940,MOVIE
tt1983079,SERIES
tt2085059,SERIES
tt1615147,SERIES
tt1853728,MOVIE
tt1836037,MOVIE
tt2098220,SERIES
tt1865740,SERIES
tt1707386,SERIES
tt1024648,MOVIE
tt2216156,MOVIE
tt2359704,SERIES
tt1302011,SERIES
tt1598778,MOVIE
tt2193021,MOVIE
tt1871731,SERIES
tt2250192,SERIES
tt1695360,SERIES
tt1515091,SERIES
tt1524137,MOVIE
tt1615065,MOVIE
tt1582457,MOVIE
tt2314952,SERIES
tt1830379,SERIES
tt1077368,SERIES
tt1386703,MOVIE
tt2139371,MOVIE
tt1958961,SERIES
tt0472181,SERIES
tt1596346,MOVIE
tt1592873,MOVIE
tt1401152,MOVIE
tt1446192,MOVIE
tt10349554,MOVIE
tt1648179,SERIES
tt2210479,MOVIE
tt1799631,MOVIE
tt2169245,SERIES
tt2222352,SERIES
tt1979319,SERIES
tt1531663,MOVIE
tt2070649,MOVIE
tt1973692,MOVIE
tt5906984,SERIES
tt1727434,SERIES
tt2187850,MOVIE
tt2425098,SERIES
tt2644032,SERIES
tt2348803,SERIES
tt1161864,MOVIE
tt1441951,MOVIE
tt1430607,MOVIE
tt2246779,MOVIE
tt1847521,MOVIE
tt1411704,SERIES
tt1486185,MOVIE
tt2245195,MOVIE
tt1268799,MOVIE
tt0765446,MOVIE
tt1704637,MOVIE
tt2375379,SERIES
tt2061527,MOVIE
tt1682181,SERIES
tt2379987,MOVIE
tt2215489,MOVIE
tt6357282,MOVIE
tt5315490,SERIES
tt1948150,SERIES
tt2558816,MOVIE
tt4763642,SERIES
tt2358911,SERIES
tt1562872,MOVIE
tt4049416,MOVIE
tt2730046,SERIES
tt10051854,MOVIE
tt5632186,SERIES
tt1083448,SERIES
tt1211890,MOVIE
tt2345525,MOVIE
tt4168604,MOVIE
tt8358972,SERIES
tt1934231,SERIES
tt1860355,MOVIE
tt2082197,MOVIE
tt1975249,MOVIE
tt1629376,MOVIE
tt1999167,MOVIE
tt2546038,MOVIE
tt0280153,MOVIE
tt1776143,MOVIE
tt2273321,MOVIE
tt2150139,MOVIE
tt2163203,MOVIE
tt1620933,MOVIE
tt1916728,MOVIE
tt2395219,MOVIE
tt1285241,MOVIE
tt1926313,MOVIE
tt2488050,MOVIE
tt1841542,SERIES
tt1787988,MOVIE
tt2443734,MOVIE
tt1869721,MOVIE
tt2404173,MOVIE
tt1753866,MOVIE
tt1734110,MOVIE
tt1870073,MOVIE
tt2122340,SERIES
tt2507174,MOVIE
tt2344781,MOVIE
tt6298258,SERIES
tt1954206,SERIES
tt3264864,MOVIE
tt1859607,SERIES
tt2077833,MOVIE
tt2283748,MOVIE
tt1703958,MOVIE
tt1934335,MOVIE
tt2367996,MOVIE
tt1772872,MOVIE
tt1729637,MOVIE
tt1899240,MOVIE
tt2027138,MOVIE
tt2058636,MOVIE
tt1784589,MOVIE
tt2255934,MOVIE
tt4381290,MOVIE
tt2130242,SERIES
tt1890513,MOVIE
tt2272555,MOVIE
tt2345561,SERIES
tt2551894,MOVIE
tt1754202,MOVIE
tt2051818,MOVIE
tt1949548,MOVIE
tt2084872,MOVIE
tt2461736,MOVIE
tt2262126,MOVIE
tt16235600,MOVIE
tt6442774,MOVIE
tt2473936,MOVIE
tt2094761,SERIES
tt1869296,MOVIE
tt2186933,MOVIE
tt2244376,MOVIE
tt2246595,MOVIE
tt1836912,MOVIE
tt2186731,MOVIE
tt3840498,MOVIE
tt1826603,SERIES
tt7131686,MOVIE
tt2271641,SERIES
tt6356352,MOVIE
tt1979169,MOVIE
tt6543194,MOVIE
tt2407826,MOVIE
tt6417816,MOVIE
tt6052432,MOVIE
tt2336284,SERIES
tt2229301,MOVIE
tt2389344,MOVIE
tt6543070,MOVIE
tt1956697,MOVIE
tt2053397,MOVIE
tt2233762,MOVIE
tt1910649,MOVIE
tt1605790,MOVIE
tt1512220,MOVIE
tt2091312,MOVIE
tt2590280,MOVIE
tt6442670,MOVIE
tt2057445,MOVIE
tt12199688,MOVIE
tt2590214,SERIES
tt7131690,MOVIE
tt6273116,SERIES
tt2198109,SERIES
tt1670646,MOVIE
tt2442560,MOVIE
tt3006802,SERIES
tt2560140,SERIES
tt2632424,SERIES
tt2741602,SERIES
tt3868860,SERIES
tt3107288,SERIES
tt1109624,SERIES
tt2710394,MOVIE
tt3235888,SERIES
tt2084970,MOVIE
tt2661044,MOVIE
tt1979320,SERIES
tt2872718,MOVIE
tt3484274,MOVIE
tt2170593,SERIES
tt1457767,MOVIE
tt3749900,MOVIE
tt1646971,SERIES
tt1321511,MOVIE
tt1856010,MOVIE
tt1126590,SERIES
tt1980929,MOVIE
tt3205802,MOVIE
tt3398228,SERIES
tt0453562,SERIES
tt2302755,MOVIE
tt3501074,MOVIE
tt2387433,SERIES
tt2334873,MOVIE
tt3566726,MOVIE
tt3596174,SERIES
tt2226417,SERIES
tt2428170,MOVIE
tt2355495,MOVIE
tt2372162,MOVIE
tt0435651,SERIES
tt2712516,MOVIE
tt2433738,SERIES
tt2304771,SERIES
tt3843168,MOVIE
tt2403021,SERIES
tt2171867,MOVIE
tt1911658,MOVIE
tt2189461,MOVIE
tt0365907,SERIES
tt1911644,MOVIE
tt0795461,MOVIE
tt3337194,MOVIE
tt2136138,SERIES
tt2431286,SERIES
tt1121096,MOVIE
tt3909224,MOVIE
tt1327773,SERIES
tt2487090,MOVIE
tt1572315,SERIES
tt1985966,MOVIE
tt2172935,MOVIE
tt2616280,MOVIE
tt2084712,SERIES
tt0864835,SERIES
tt3124992,MOVIE
tt2005374,SERIES
tt4051832,MOVIE
tt3070936,SERIES
tt2058107,MOVIE
tt2955402,MOVIE
tt3869500,SERIES
tt2473602,SERIES
tt3012598,MOVIE
tt3069894,SERIES
tt2309295,SERIES
tt3105674,SERIES
tt4426376,SERIES
tt1748277,MOVIE
tt3874528,SERIES
tt4320258,SERIES
tt3445270,SERIES
tt2374744,MOVIE
tt2463288,SERIES
tt3302820,MOVIE
tt2017020,MOVIE
tt1418377,MOVIE
tt3596176,MOVIE
tt2402157,SERIES
tt2338151,MOVIE
tt1699440,MOVIE
tt6963396,SERIES
tt3243098,SERIES
tt2374851,SERIES
tt3823690,MOVIE
tt2459156,MOVIE
tt2548214,MOVIE
tt10590068,SERIES
tt1932718,SERIES
tt3322420,MOVIE
tt4648640,MOVIE
tt2535732,SERIES
tt3455224,SERIES
tt3766424,MOVIE
tt3104236,MOVIE
tt2937390,SERIES
tt1605798,MOVIE
tt2475154,MOVIE
tt1457765,MOVIE
tt2392179,MOVIE
tt1821658,SERIES
tt2943280,MOVIE
tt3312378,SERIES
tt12101170,SERIES
tt3904068,SERIES
tt2827502,SERIES
tt3390572,SERIES
tt2852406,MOVIE
tt3500822,MOVIE
tt1824254,MOVIE
tt2758904,MOVIE
tt2931868,MOVIE
tt3692064,SERIES
tt3331846,SERIES
tt3565486,MOVIE
tt2358913,SERIES
tt2486682,MOVIE
tt2372678,MOVIE
tt6953912,MOVIE
tt3010520,SERIES
tt3807022,MOVIE
tt2466830,SERIES
tt2980794,MOVIE
tt2934844,MOVIE
tt2544148,MOVIE
tt3069758,SERIES
tt3219820,MOVIE
tt3001638,MOVIE
tt3692768,MOVIE
tt2806788,MOVIE
tt1621039,MOVIE
tt1375789,MOVIE
tt4240730,MOVIE
tt2974412,MOVIE
tt2357377,MOVIE
tt4256544,MOVIE
tt3331028,MOVIE
tt3872778,MOVIE
tt4621212,MOVIE
tt6581428,SERIES
tt4189294,SERIES
tt3173910,MOVIE
tt4173216,MOVIE
tt3854234,SERIES
tt2806646,MOVIE
tt1891884,SERIES
tt3958494,MOVIE
tt3794302,MOVIE
tt2571140,MOVIE
tt2855648,MOVIE
tt6803712,MOVIE
tt6979430,SERIES
tt3614516,SERIES
tt2213054,MOVIE
tt3563156,MOVIE
tt2321163,MOVIE
tt2332707,MOVIE
tt2275802,MOVIE
tt1179259,MOVIE
tt3554418,MOVIE
tt2580128,MOVIE
tt3970854,SERIES
tt3469386,MOVIE
tt3102208,MOVIE
tt2229848,MOVIE
tt2797242,MOVIE
tt3678938,MOVIE
tt2609218,MOVIE
tt2004304,MOVIE
tt2112124,MOVIE
tt2362778,MOVIE
tt3483712,MOVIE
tt3815136,MOVIE
tt3481550,MOVIE
tt4209802,MOVIE
tt2993406,MOVIE
tt3516378,MOVIE
tt2836450,MOVIE
tt3557464,MOVIE
tt2608224,MOVIE
tt4147684,MOVIE
tt1757800,MOVIE
tt3580052,MOVIE
tt2392447,MOVIE
tt4094916,MOVIE
tt3004634,MOVIE
tt6953924,MOVIE
tt3698408,SERIES
tt10183654,MOVIE
tt6186406,MOVIE
tt4205416,SERIES
tt4625302,MOVIE
tt3356434,MOVIE
tt3044248,MOVIE
tt4103686,MOVIE
tt3206616,MOVIE
tt3828220,MOVIE
tt7131682,MOVIE
tt3203290,SERIES
tt2094854,MOVIE
tt3886722,MOVIE
tt2338287,MOVIE
tt6417830,MOVIE
tt2879770,MOVIE
tt2675978,MOVIE
tt3264438,MOVIE
tt3347976,MOVIE
tt4079776,MOVIE
tt2552296,MOVIE
tt2380564,MOVIE
tt3456090,MOVIE
tt2407418,MOVIE
tt3355166,MOVIE
tt2246724,MOVIE
tt4576040,MOVIE
tt3132086,MOVIE
tt2996950,MOVIE
tt2939898,MOVIE
tt3173512,MOVIE
tt4171600,MOVIE
tt2714424,MOVIE
tt2816740,MOVIE
tt2275794,MOVIE
tt3357416,MOVIE
tt4544590,MOVIE
tt3522136,SERIES
tt3461524,MOVIE
tt3596200,MOVIE
tt2951576,MOVIE
tt2645104,MOVIE
tt6707142,MOVIE
tt6442766,SERIES
tt2261700,MOVIE
tt4219300,MOVIE
tt3359290,MOVIE
tt3717390,MOVIE
tt6417854,MOVIE
tt4170532,MOVIE
tt3289618,MOVIE
tt2769454,MOVIE
tt20602440,MOVIE
tt3772640,MOVIE
tt3599642,MOVIE
tt2344678,MOVIE
tt6417984,MOVIE
tt2889234,MOVIE
tt3149536,MOVIE
tt4003066,MOVIE
tt6442694,MOVIE
tt3008034,MOVIE
tt3589494,MOVIE
tt3922888,MOVIE
tt3012648,MOVIE
tt3044926,MOVIE
tt1918638,MOVIE
tt2723358,MOVIE
tt6417940,MOVIE
tt3949626,MOVIE
tt3528284,MOVIE
tt3569788,MOVIE
tt20765704,MOVIE
tt2048918,MOVIE
tt3479858,MOVIE
tt2677816,SERIES
tt10033686,MOVIE
tt8834748,MOVIE
tt2404605,SERIES
tt4286560,MOVIE
tt4045666,MOVIE
tt12960266,MOVIE
tt3032476,SERIES
tt4803766,SERIES
tt4574334,SERIES
tt3526078,SERIES
tt4955642,SERIES
tt4508902,SERIES
tt4698684,SERIES
tt4179452,MOVIE
tt4731072,SERIES
tt2582782,SERIES
tt4786824,MOVIE
tt4189022,SERIES
tt3569230,SERIES
tt4426214,MOVIE
tt2005151,MOVIE
tt4052886,MOVIE
tt4680444,SERIES
tt4635282,SERIES
tt2717822,SERIES
tt2368619,MOVIE
tt4550098,MOVIE
tt4954522,MOVIE
tt3460252,MOVIE
tt4254242,MOVIE
tt2580046,SERIES
tt1064899,SERIES
tt3609352,SERIES
tt5296406,SERIES
tt4667888,SERIES
tt10112398,SERIES
tt4565380,SERIES
tt4277922,SERIES
tt5651844,SERIES
tt3332064,SERIES
tt4178092,MOVIE
tt2231253,MOVIE
tt5057130,MOVIE
tt6244192,SERIES
tt3520702,SERIES
tt4094300,SERIES
tt2707408,SERIES
tt4532368,SERIES
tt5905354,SERIES
tt4181172,SERIES
tt5269594,SERIES
tt3865236,SERIES
tt0475290,SERIES
tt3921180,MOVIE
tt3501584,SERIES
tt2554274,SERIES
tt4016454,MOVIE
tt2431438,SERIES
tt2631186,SERIES
tt5912064,MOVIE
tt4361050,SERIES
tt4878326,MOVIE
tt3339966,SERIES
tt2752772,SERIES
tt1878870,MOVIE
tt4159076,MOVIE
tt3300542,SERIES
tt5619658,MOVIE
tt5323662,SERIES
tt3830558,MOVIE
tt3906732,SERIES
tt2267968,SERIES
tt5022702,MOVIE
tt4192782,MOVIE
tt2091935,SERIES
tt3882082,MOVIE
tt4341500,MOVIE
tt4686698,SERIES
tt4148744,SERIES
tt4061080,SERIES
tt6235122,SERIES
tt3250026,SERIES
tt5295524,SERIES
tt2080374,SERIES
tt3065204,MOVIE
tt6354518,MOVIE
tt2224026,SERIES
tt1823672,MOVIE
tt5923962,MOVIE
tt4591680,MOVIE
tt3608930,SERIES
tt3416532,MOVIE
tt5197820,MOVIE
tt4666726,SERIES
tt4428122,MOVIE
tt4669986,SERIES
tt5249462,MOVIE
tt0810819,SERIES
tt4326894,MOVIE
tt4635276,SERIES
tt3729898,SERIES
tt5562056,SERIES
tt4192998,SERIES
tt4273292,SERIES
tt4922804,MOVIE
tt4998212,SERIES
tt1666801,SERIES
tt4937942,MOVIE
tt3713166,SERIES
tt3638396,MOVIE
tt2140379,MOVIE
tt5189670,MOVIE
tt2452386,SERIES
tt3766394,MOVIE
tt2106651,MOVIE
tt4798450,MOVIE
tt4158876,SERIES
tt5193358,MOVIE
tt3118452,SERIES
tt3986586,MOVIE
tt4976512,SERIES
tt15432108,SERIES
tt4853102,SERIES
tt4295140,MOVIE
tt2386404,SERIES
tt3316948,MOVIE
tt4524056,MOVIE
tt5320160,SERIES
tt5895028,SERIES
tt3768572,MOVIE
tt5531470,SERIES
tt3174376,SERIES
tt5912454,MOVIE
tt4971144,MOVIE
tt3090670,SERIES
tt4846318,MOVIE
tt5435008,MOVIE
tt4682786,SERIES
tt5863126,MOVIE
tt1365050,SERIES
tt5640450,MOVIE
tt3387542,MOVIE
tt6233538,MOVIE
tt5182866,SERIES
tt4284010,SERIES
tt4699982,MOVIE
tt4592410,SERIES
tt4030600,SERIES
tt1734135,MOVIE
tt2888046,SERIES
tt5580664,MOVIE
tt7320300,SERIES
tt5537534,SERIES
tt3604232,SERIES
tt3922818,SERIES
tt1841642,MOVIE
tt4908644,MOVIE
tt4936176,MOVIE
tt3922798,MOVIE
tt6150900,MOVIE
tt4789300,MOVIE
tt3883986,SERIES
tt5598216,MOVIE
tt5332206,MOVIE
tt5839454,SERIES
tt2479478,SERIES
tt5192124,MOVIE
tt5820976,MOVIE
tt4367560,SERIES
tt4769836,SERIES
tt3077214,MOVIE
tt5147214,MOVIE
tt4973548,MOVIE
tt3614530,SERIES
tt4196822,MOVIE
tt4573516,SERIES
tt4382552,MOVIE
tt4562518,MOVIE
tt2652118,MOVIE
tt10767386,MOVIE
tt4799064,SERIES
tt5764414,MOVIE
tt5059406,SERIES
tt0837156,MOVIE
tt4489160,MOVIE
tt5319838,MOVIE
tt4129870,SERIES
tt9518312,MOVIE
tt1290138,SERIES
tt15119398,MOVIE
tt7264084,MOVIE
tt1396212,SERIES
tt7239256,SERIES
tt5477566,SERIES
tt6852304,MOVIE
tt5193172,MOVIE
tt3807034,SERIES
tt6717058,SERIES
tt3499048,SERIES
tt3185602,MOVIE
tt4790546,MOVIE
tt5788462,SERIES
tt4680240,MOVIE
tt5881326,SERIES
tt2865120,SERIES
tt6038584,MOVIE
tt1878841,SERIES
tt5692740,MOVIE
tt5966882,SERIES
tt5235348,SERIES
tt5228026,MOVIE
tt4574708,SERIES
tt5021206,SERIES
tt4132692,SERIES
tt6055498,SERIES
tt3590338,SERIES
tt4680360,SERIES
tt4991512,SERIES
tt4816058,MOVIE
tt5371572,SERIES
tt3963816,MOVIE
tt7875988,MOVIE
tt5155576,SERIES
tt4181052,SERIES
tt5677942,MOVIE
tt4864932,SERIES
tt6150576,MOVIE
tt1639084,SERIES
tt6322264,MOVIE
tt4761054,SERIES
tt6545220,SERIES
tt4991910,MOVIE
tt6340304,SERIES
tt5952332,SERIES
tt3596178,MOVIE
tt3824412,SERIES
tt6295304,MOVIE
tt5275894,MOVIE
tt1002563,SERIES
tt6046238,MOVIE
tt5846856,SERIES
tt4346362,SERIES
tt2978102,SERIES
tt4572820,MOVIE
tt5069564,MOVIE
tt3216348,MOVIE
tt1712192,MOVIE
tt5347906,MOVIE
tt5874596,MOVIE
tt3910690,SERIES
tt5462936,MOVIE
tt3741346,SERIES
tt4040530,SERIES
tt4652532,SERIES
tt4716268,MOVIE
tt3986532,SERIES
tt5075942,MOVIE
tt5303668,SERIES
tt10936232,SERIES
tt4430212,SERIES
tt5112438,MOVIE
tt5916218,MOVIE
tt5496926,SERIES
tt5350276,MOVIE
tt4680980,SERIES
tt5066574,MOVIE
tt4034452,MOVIE
tt3661298,MOVIE
tt4537842,MOVIE
tt4730986,MOVIE
tt5895314,MOVIE
tt5278460,SERIES
tt4130418,MOVIE
tt6088326,SERIES
tt4861760,SERIES
tt5341036,SERIES
tt6302160,MOVIE
tt6209442,MOVIE
tt4900018,SERIES
tt5875282,MOVIE
tt6257714,MOVIE
tt5181284,MOVIE
tt4338154,SERIES
tt5828144,MOVIE
tt4642044,SERIES
tt7699866,MOVIE
tt4160920,SERIES
tt4669186,SERIES
tt5333842,MOVIE
tt4003966,MOVIE
tt4768764,SERIES
tt4156972,MOVIE
tt5664116,MOVIE
tt4940370,MOVIE
tt5679572,MOVIE
tt3799372,SERIES
tt5866074,MOVIE
tt11063952,SERIES
tt5174284,SERIES
tt1918911,MOVIE
tt4271820,MOVIE
tt1542768,MOVIE
tt4610750,MOVIE
tt5659172,SERIES
tt5689030,MOVIE
tt5205210,SERIES
tt4613520,MOVIE
tt4944658,SERIES
tt6070434,MOVIE
tt6903262,SERIES
tt10202268,MOVIE
tt4944352,MOVIE
tt6102594,MOVIE
tt5730624,MOVIE
tt3859980,SERIES
tt6246500,MOVIE
tt4110568,SERIES
tt5858892,MOVIE
tt5467814,SERIES
tt4213806,SERIES
tt5520732,MOVIE
tt6474054,SERIES
tt4969044,SERIES
tt2424988,MOVIE
tt4512714,MOVIE
tt5275236,MOVIE
tt3834000,MOVIE
tt5517438,SERIES
tt5993744,MOVIE
tt4934950,SERIES
tt3802576,MOVIE
tt6302122,MOVIE
tt4567218,MOVIE
tt5868220,SERIES
tt4430136,SERIES
tt4685750,MOVIE
tt5235950,MOVIE
tt5226380,MOVIE
tt4902716,MOVIE
tt6423578,MOVIE
tt3275216,MOVIE
tt4210022,MOVIE
tt2724532,SERIES
tt6163070,MOVIE
tt5222724,SERIES
tt4530184,MOVIE
tt4034208,MOVIE
tt4835636,MOVIE
tt6217368,MOVIE
tt5001772,MOVIE
tt5946232,MOVIE
tt5676412,MOVIE
tt4392266,SERIES
tt5849950,MOVIE
tt4109268,MOVIE
tt5151716,MOVIE
tt4333674,MOVIE
tt3544218,MOVIE
tt5672036,MOVIE
tt4900716,SERIES
tt4434004,MOVIE
tt3148502,MOVIE
tt4354042,MOVIE
tt3105662,SERIES
tt6079360,MOVIE
tt5606154,MOVIE
tt4460854,SERIES
tt6703344,MOVIE
tt6213810,SERIES
tt6168004,MOVIE
tt5698140,SERIES
tt5352432,SERIES
tt4199110,MOVIE
tt5815824,MOVIE
tt5156746,SERIES
tt4399594,MOVIE
tt1929433,MOVIE
tt5598110,MOVIE
tt6876670,MOVIE
tt5952534,MOVIE
tt4631532,MOVIE
tt5759196,SERIES
tt4842270,SERIES
tt5231950,MOVIE
tt4970632,SERIES
tt5301958,MOVIE
tt4088588,SERIES
tt7799740,MOVIE
tt5485482,MOVIE
tt4679136,MOVIE
tt7131694,MOVIE
tt4790548,SERIES
tt5714802,SERIES
tt3679000,MOVIE
tt6968336,MOVIE
tt6450052,SERIES
tt4814290,MOVIE
tt6449458,MOVIE
tt4788934,MOVIE
tt5805252,MOVIE
tt5674272,MOVIE
tt5710042,SERIES
tt4078252,MOVIE
tt4855748,MOVIE
tt5712152,MOVIE
tt5213744,MOVIE
tt5602318,MOVIE
tt4379536,MOVIE
tt4778424,MOVIE
tt4007558,MOVIE
tt6040768,MOVIE
tt5167174,SERIES
tt6312916,MOVIE
tt6522580,SERIES
tt5448246,SERIES
tt4943218,MOVIE
tt6353308,MOVIE
tt6588218,SERIES
tt4990516,SERIES
tt7254796,MOVIE
tt4677578,MOVIE
tt5937754,MOVIE
tt5979312,SERIES
tt6370626,MOVIE
tt5186874,MOVIE
tt1239242,MOVIE
tt4354740,MOVIE
tt3701442,MOVIE
tt5697642,SERIES
tt4853764,SERIES
tt3730510,SERIES
tt6093452,MOVIE
tt7440582,MOVIE
tt7038964,MOVIE
tt4448304,SERIES
tt7128052,MOVIE
tt5457520,SERIES
tt4796634,MOVIE
tt7598452,MOVIE
tt5547496,SERIES
tt5684860,MOVIE
tt6081882,MOVIE
tt2614722,MOVIE
tt4641248,MOVIE
tt6212990,MOVIE
tt6209400,SERIES
tt6068284,MOVIE
tt5105218,MOVIE
tt5089786,MOVIE
tt5280664,MOVIE
tt6023444,MOVIE
tt5290620,MOVIE
tt4160256,MOVIE
tt5140248,MOVIE
tt5351044,MOVIE
tt3469244,MOVIE
tt3625516,SERIES
tt5943936,MOVIE
tt5038776,MOVIE
tt5755912,MOVIE
tt2797146,MOVIE
tt4588068,MOVIE
tt5886430,SERIES
tt6011480,MOVIE
tt5559394,MOVIE
tt5183654,MOVIE
tt4971824,MOVIE
tt9556710,MOVIE
tt2903370,SERIES
tt5435084,MOVIE
tt6015820,MOVIE
tt4764566,SERIES
tt4073952,MOVIE
tt4467262,MOVIE
tt6131630,MOVIE
tt5339586,SERIES
tt6111628,MOVIE
tt3422462,MOVIE
tt3724898,MOVIE
tt5356680,MOVIE
tt5066564,MOVIE
tt6475778,MOVIE
tt5087462,MOVIE
tt6475636,MOVIE
tt4628812,MOVIE
tt5998744,MOVIE
tt5923040,MOVIE
tt3521770,MOVIE
tt5686120,MOVIE
tt5323386,MOVIE
tt3815424,MOVIE
tt0315642,MOVIE
tt6278732,MOVIE
tt4202506,MOVIE
tt4944460,MOVIE
tt5571712,MOVIE
tt6409112,MOVIE
tt5036924,SERIES
tt4703660,MOVIE
tt6093070,MOVIE
tt5861260,SERIES
tt6506806,MOVIE
tt9874364,SERIES
tt5314138,SERIES
tt6418390,MOVIE
tt8332742,MOVIE
tt8857316,MOVIE
tt4624852,MOVIE
tt6954524,MOVIE
tt5891626,SERIES
tt9741588,SERIES
tt4974684,MOVIE
tt6271264,MOVIE
tt6268852,MOVIE
tt5748380,MOVIE
tt5580778,MOVIE
tt6379048,MOVIE
tt4453286,MOVIE
tt4334636,MOVIE
tt5753806,MOVIE
tt5114588,MOVIE
tt6045798,MOVIE
tt5240748,MOVIE
tt5254198,MOVIE
tt4677816,MOVIE
tt2909396,MOVIE
tt9769714,MOVIE
tt4658908,MOVIE
tt6959666,MOVIE
tt5016660,MOVIE
tt5877882,MOVIE
tt3764686,SERIES
tt20765946,MOVIE
tt4899096,MOVIE
tt4994718,MOVIE
tt6271110,MOVIE
tt4452274,MOVIE
tt6069058,MOVIE
tt2174084,MOVIE
tt5348954,MOVIE
tt4324242,MOVIE
tt3860092,MOVIE
tt9583184,MOVIE
tt5659164,MOVIE
tt6273088,MOVIE
tt5811182,SERIES
tt5357902,MOVIE
tt6999080,MOVIE
tt4527090,MOVIE
tt4841640,MOVIE
tt7131688,MOVIE
tt4377918,SERIES
tt5528490,MOVIE
tt8879588,SERIES
tt5073746,SERIES
tt4172758,MOVIE
tt6200274,MOVIE
tt3837166,MOVIE
tt5191238,MOVIE
tt5755796,MOVIE
tt5514296,SERIES
tt6088634,MOVIE
tt6660922,MOVIE
tt6115284,MOVIE
tt4661188,MOVIE
tt4396648,MOVIE
tt7120662,MOVIE
tt6048596,SERIES
tt8324306,SERIES
tt5071412,MOVIE
tt1856101,SERIES
tt5753856,MOVIE
tt1413492,SERIES
tt1396484,MOVIE
tt8103070,MOVIE
tt8421350,SERIES
tt5420376,SERIES
tt5362988,SERIES
tt5688932,MOVIE
tt5013758,MOVIE
tt7221388,MOVIE
tt6266538,SERIES
tt5290382,MOVIE
tt5776858,SERIES
tt6468322,MOVIE
tt7414406,SERIES
tt7335184,SERIES
tt4209788,SERIES
tt1259528,MOVIE
tt5232792,MOVIE
tt7493974,SERIES
tt6601082,SERIES
tt6877772,SERIES
tt5516154,SERIES
tt7752034,SERIES
tt5618256,SERIES
tt6763664,SERIES
tt0493405,SERIES
tt6412452,MOVIE
tt4378376,MOVIE
tt2261227,SERIES
tt6517102,SERIES
tt15438396,SERIES
tt4555426,SERIES
tt6128300,MOVIE
tt7681968,SERIES
tt6474378,MOVIE
tt2452242,SERIES
tt5669422,SERIES
tt6143796,SERIES
tt5580146,SERIES
tt7768848,SERIES
tt5638642,SERIES
tt5421602,MOVIE
tt3967856,SERIES
tt6257970,MOVIE
tt7539608,SERIES
tt6315640,SERIES
tt5254610,SERIES
tt4834206,MOVIE
tt6394324,SERIES
tt6333080,SERIES
tt4068576,MOVIE
tt1034007,MOVIE
tt6459472,SERIES
tt5339440,SERIES
tt4236484,SERIES
tt3588588,MOVIE
tt7153034,MOVIE
tt5580540,SERIES
tt7902072,SERIES
tt6461346,SERIES
tt5304992,SERIES
tt1869347,MOVIE
tt2548396,MOVIE
tt1536537,MOVIE
tt12427840,MOVIE
tt3748172,SERIES
tt6155172,MOVIE
tt6306064,MOVIE
tt5592248,MOVIE
tt5363918,MOVIE
tt6524350,SERIES
tt6195094,SERIES
tt4555364,MOVIE
tt0784878,SERIES
tt4334266,SERIES
tt16351432,MOVIE
tt5610554,SERIES
tt5670764,MOVIE
tt1289403,SERIES
tt6357658,MOVIE
tt1615160,SERIES
tt6628790,MOVIE
tt6679794,MOVIE
tt6987770,MOVIE
tt7255502,MOVIE
tt6519410,SERIES
tt7134908,SERIES
tt6502890,SERIES
tt1837492,SERIES
tt2737304,SERIES
tt4225622,MOVIE
tt5212822,MOVIE
tt7808344,SERIES
tt8714904,SERIES
tt6045840,SERIES
tt8772088,SERIES
tt7525778,SERIES
tt4154916,MOVIE
tt8361028,MOVIE
tt6782014,MOVIE
tt6616260,SERIES
tt7829834,SERIES
tt6297682,SERIES
tt7259746,SERIES
tt7078180,SERIES
tt8993398,SERIES
tt4006302,SERIES
tt3444312,MOVIE
tt5536736,MOVIE
tt7818686,MOVIE
tt5710514,SERIES
tt5267472,MOVIE
tt6660498,MOVIE
tt2872518,SERIES
tt6385540,MOVIE
tt6218358,SERIES
tt6217306,MOVIE
tt4669264,MOVIE
tt8179390,MOVIE
tt6729080,MOVIE
tt8673610,SERIES
tt13160278,SERIES
tt8688814,SERIES
tt6900448,SERIES
tt9498102,MOVIE
tt4849438,SERIES
tt3335606,MOVIE
tt6333060,MOVIE
tt6587094,MOVIE
tt7745956,SERIES
tt6952960,SERIES
tt7569592,MOVIE
tt6214928,SERIES
tt5862312,MOVIE
tt6957966,MOVIE
tt5057140,MOVIE
tt1464763,MOVIE
tt7772580,MOVIE
tt7615302,MOVIE
tt5519340,MOVIE
tt8342862,MOVIE
tt7078710,SERIES
tt1880399,SERIES
tt5155780,MOVIE
tt6903284,MOVIE
tt8725166,SERIES
tt3201640,SERIES
tt4572792,MOVIE
tt3654796,MOVIE
tt6749318,MOVIE
tt9495224,MOVIE
tt6116856,MOVIE
tt3860916,MOVIE
tt7371868,MOVIE
tt5783956,SERIES
tt5707802,MOVIE
tt2396589,SERIES
tt5103758,MOVIE
tt5419536,SERIES
tt6560040,MOVIE
tt5674718,SERIES
tt7214762,SERIES
tt5709188,MOVIE
tt1999890,MOVIE
tt8019444,MOVIE
tt2386237,SERIES
tt7453996,MOVIE
tt6873926,SERIES
tt7889220,SERIES
tt6712390,SERIES
tt6656238,SERIES
tt8914684,SERIES
tt6752992,SERIES
tt6987788,MOVIE
tt7923710,SERIES
tt9527662,SERIES
tt4964788,SERIES
tt6963504,MOVIE
tt6106704,SERIES
tt6478318,SERIES
tt4955480,SERIES
tt7280898,SERIES
tt8314254,MOVIE
tt8285216,MOVIE
tt6487482,SERIES
tt2582576,SERIES
tt12317724,MOVIE
tt8005374,SERIES
tt5173032,SERIES
tt7053920,MOVIE
tt5607714,SERIES
tt7545524,MOVIE
tt6811236,MOVIE
tt7094780,SERIES
tt6394284,SERIES
tt6908274,MOVIE
tt6243140,MOVIE
tt7689964,MOVIE
tt6520524,MOVIE
tt5565334,MOVIE
tt5360996,SERIES
tt5884792,MOVIE
tt8453436,SERIES
tt4878482,SERIES
tt4357394,MOVIE
tt7573024,MOVIE
tt5808778,SERIES
tt1149367,MOVIE
tt6958014,SERIES
tt8172146,MOVIE
tt1730768,MOVIE
tt3317234,MOVIE
tt8673042,MOVIE
tt8075256,SERIES
tt5816682,MOVIE
tt5153236,MOVIE
tt8465676,MOVIE
tt4758646,MOVIE
tt6788942,MOVIE
tt8139862,MOVIE
tt7131720,SERIES
tt7035576,SERIES
tt3799232,SERIES
tt6898970,MOVIE
tt2249081,SERIES
tt5503718,MOVIE
tt5789976,SERIES
tt10498322,MOVIE
tt6973848,SERIES
tt3501112,MOVIE
tt8891990,MOVIE
tt2388771,SERIES
tt6333098,MOVIE
tt5566790,SERIES
tt6010920,MOVIE
tt5246700,SERIES
tt1241317,MOVIE
tt7608238,MOVIE
tt7741824,SERIES
tt7395452,SERIES
tt6854248,MOVIE
tt0069049,MOVIE
tt6970700,MOVIE
tt6143418,SERIES
tt2417712,MOVIE
tt0914376,MOVIE
tt6136644,SERIES
tt7978538,SERIES
tt6333104,SERIES
tt7681824,SERIES
tt8948614,MOVIE
tt6856700,MOVIE
tt6562134,MOVIE
tt6503244,SERIES
tt5121816,SERIES
tt2372708,MOVIE
tt5592878,SERIES
tt3967878,MOVIE
tt7472352,MOVIE
tt6360762,MOVIE
tt7944664,MOVIE
tt4858114,SERIES
tt6829180,SERIES
tt9170638,MOVIE
tt6516314,SERIES
tt6276110,MOVIE
tt8893550,MOVIE
tt5672286,SERIES
tt7879820,MOVIE
tt6714408,SERIES
tt8108198,SERIES
tt2338454,MOVIE
tt7603386,MOVIE
tt5791536,SERIES
tt8235236,MOVIE
tt7584168,SERIES
tt6408226,SERIES
tt6536944,MOVIE
tt9099102,MOVIE
tt6467294,MOVIE
tt7645192,SERIES
tt5770788,SERIES
tt6600720,SERIES
tt9077192,SERIES
tt6214722,SERIES
tt8063174,MOVIE
tt6821012,SERIES
tt3171832,MOVIE
tt15250768,MOVIE
tt8765496,SERIES
tt6385752,MOVIE
tt6728096,SERIES
tt8220344,MOVIE
tt6692188,SERIES
tt9817268,SERIES
tt6089582,SERIES
tt8963328,MOVIE
tt4712076,SERIES
tt2702692,MOVIE
tt3458510,MOVIE
tt7448180,MOVIE
tt8680560,MOVIE
tt8365054,SERIES
tt5016946,SERIES
tt3155328,MOVIE
tt9000388,MOVIE
tt6645614,MOVIE
tt7253506,MOVIE
tt8801670,MOVIE
tt5990342,SERIES
tt6494418,MOVIE
tt7907916,MOVIE
tt4610378,SERIES
tt8271714,MOVIE
tt5706996,MOVIE
tt7278588,SERIES
tt7521898,SERIES
tt2569088,SERIES
tt5164184,MOVIE
tt8021824,MOVIE
tt9557812,SERIES
tt6026278,SERIES
tt8300324,SERIES
tt3120280,SERIES
tt6997426,MOVIE
tt3685236,MOVIE
tt1386691,MOVIE
tt7197684,MOVIE
tt5257726,SERIES
tt9389514,MOVIE
tt10687624,SERIES
tt6352180,SERIES
tt5607028,SERIES
tt9257932,MOVIE
tt7183074,MOVIE
tt7668518,SERIES
tt5723286,SERIES
tt7808370,MOVIE
tt6212854,SERIES
tt6550456,SERIES
tt3704700,MOVIE
tt8080054,MOVIE
tt5979872,SERIES
tt7741830,MOVIE
tt8855592,SERIES
tt5539054,SERIES
tt7763662,MOVIE
tt9078908,SERIES
tt6997574,SERIES
tt3465276,MOVIE
tt6029778,MOVIE
tt11503082,MOVIE
tt6890582,SERIES
tt6916746,MOVIE
tt9897038,SERIES
tt9036126,SERIES
tt8824648,MOVIE
tt8254556,SERIES
tt5539052,MOVIE
tt8387348,MOVIE
tt6574146,SERIES
tt4882376,MOVIE
tt3869122,MOVIE
tt4717402,SERIES
tt5721172,MOVIE
tt9201008,SERIES
tt8425308,SERIES
tt5771332,SERIES
tt5691024,SERIES
tt7660730,MOVIE
tt9315990,SERIES
tt2962984,SERIES
tt7490342,MOVIE
tt4902904,SERIES
tt7736544,MOVIE
tt8434720,SERIES
tt7214842,SERIES
tt9426852,MOVIE
tt4944694,MOVIE
tt8917248,SERIES
tt0461629,SERIES
tt7949200,SERIES
tt5979874,SERIES
tt7170950,MOVIE
tt7298976,MOVIE
tt6317962,SERIES
tt3713588,MOVIE
tt8478602,SERIES
tt5479616,MOVIE
tt2720826,MOVIE
tt7260048,MOVIE
tt0332902,MOVIE
tt6452332,SERIES
tt8236556,MOVIE
tt6119856,SERIES
tt7317178,MOVIE
tt6596634,SERIES
tt15149776,SERIES
tt8548830,SERIES
tt5893332,SERIES
tt5688996,MOVIE
tt7291268,MOVIE
tt6928052,MOVIE
tt5797220,SERIES
tt6077448,SERIES
tt6714534,SERIES
tt8560918,MOVIE
tt7476946,SERIES
tt6839788,MOVIE
tt4155534,SERIES
tt8690890,MOVIE
tt7644680,SERIES
tt7967882,SERIES
tt6233618,SERIES
tt8858472,SERIES
tt8801708,SERIES
tt11067738,SERIES
tt7975182,SERIES
tt6212496,SERIES
tt6494358,MOVIE
tt6873658,MOVIE
tt7830574,SERIES
tt9817230,MOVIE
tt13887556,MOVIE
tt2990140,SERIES
tt6704776,MOVIE
tt4853154,MOVIE
tt7890304,MOVIE
tt7440432,SERIES
tt5766086,MOVIE
tt6742610,SERIES
tt7320560,SERIES
tt6892462,MOVIE
tt6497076,MOVIE
tt6060156,SERIES
tt6424454,MOVIE
tt6076336,SERIES
tt6470396,SERIES
tt7956374,SERIES
tt6288694,SERIES
tt2989524,MOVIE
tt5461956,MOVIE
tt5829040,MOVIE
tt6485928,MOVIE
tt8194716,MOVIE
tt8328740,SERIES
tt9151274,MOVIE
tt5034266,SERIES
tt7639280,MOVIE
tt5938084,SERIES
tt5878476,MOVIE
tt8168186,MOVIE
tt6088922,MOVIE
tt7205316,SERIES
tt8716334,MOVIE
tt6699860,MOVIE
tt6204340,MOVIE
tt6158968,MOVIE
tt6510268,MOVIE
tt6495756,MOVIE
tt6488862,SERIES
tt9135854,SERIES
tt8976346,MOVIE
tt8160178,SERIES
tt6921524,SERIES
tt6547170,SERIES
tt8954732,MOVIE
tt8865580,MOVIE
tt9077350,MOVIE
tt4943322,SERIES
tt6176928,MOVIE
tt7608028,MOVIE
tt9185110,MOVIE
tt9170648,SERIES
tt2937366,MOVIE
tt8773080,SERIES
tt7981562,SERIES
tt5811766,SERIES
tt8667202,SERIES
tt6879602,MOVIE
tt5730690,MOVIE
tt7661472,SERIES
tt7414954,SERIES
tt7573686,SERIES
tt9316032,SERIES
tt6370266,SERIES
tt3053228,MOVIE
tt8507498,MOVIE
tt7761590,SERIES
tt7099334,MOVIE
tt9777830,SERIES
tt5335606,MOVIE
tt9249090,SERIES
tt3469798,SERIES
tt5222768,MOVIE
tt8243158,MOVIE
tt4365518,SERIES
tt8178958,MOVIE
tt6720442,MOVIE
tt6987652,MOVIE
tt8067306,MOVIE
tt2597760,MOVIE
tt8078816,MOVIE
tt5851786,SERIES
tt8615966,MOVIE
tt5571754,SERIES
tt5779222,MOVIE
tt7622902,SERIES
tt5968274,SERIES
tt9203042,MOVIE
tt4418844,SERIES
tt7256866,SERIES
tt5952468,MOVIE
tt7725144,MOVIE
tt5233558,MOVIE
tt7340800,MOVIE
tt6423886,SERIES
tt6545162,MOVIE
tt7343832,SERIES
tt6312802,SERIES
tt3255590,MOVIE
tt7626160,MOVIE
tt5722376,SERIES
tt9203078,SERIES
tt5960546,SERIES
tt8200004,SERIES
tt4762824,SERIES
tt5577742,MOVIE
tt8015080,MOVIE
tt7923832,MOVIE
tt8487786,SERIES
tt7440274,SERIES
tt4781350,SERIES
tt7605922,SERIES
tt7217214,MOVIE
tt5607658,MOVIE
tt6900644,SERIES
tt5157682,MOVIE
tt6108090,MOVIE
tt7146600,MOVIE
tt8693818,SERIES
tt6792282,SERIES
tt8443704,MOVIE
tt4537986,MOVIE
tt5607970,MOVIE
tt8043492,SERIES
tt8176578,MOVIE
tt6340604,MOVIE
tt8500086,MOVIE
tt8223844,SERIES
tt6834120,MOVIE
tt8697266,SERIES
tt8565136,MOVIE
tt9089294,SERIES
tt7691766,MOVIE
tt5969696,SERIES
tt6452574,MOVIE
tt7514746,MOVIE
tt2499472,SERIES
tt9060534,MOVIE
tt7193448,MOVIE
tt8591968,MOVIE
tt6333052,MOVIE
tt6893836,MOVIE
tt5873150,MOVIE
tt1690967,MOVIE
tt4842646,MOVIE
tt5075584,MOVIE
tt7619858,MOVIE
tt6133034,SERIES
tt6009140,MOVIE
tt7596008,MOVIE
tt6522546,SERIES
tt6807662,MOVIE
tt5379294,SERIES
tt8439854,MOVIE
tt7216288,MOVIE
tt8126390,SERIES
tt8004578,MOVIE
tt5451244,SERIES
tt8139850,MOVIE
tt8961530,MOVIE
tt8723216,SERIES
tt8452308,MOVIE
tt8887956,SERIES
tt7334894,SERIES
tt8342946,SERIES
tt1799516,MOVIE
tt4729560,MOVIE
tt11481668,MOVIE
tt6809396,MOVIE
tt6175760,SERIES
tt9322614,SERIES
tt7570990,SERIES
tt6262764,SERIES
tt5176252,MOVIE
tt6304676,MOVIE
tt4341390,SERIES
tt7701694,MOVIE
tt6826438,SERIES
tt9082316,MOVIE
tt5580392,SERIES
tt3672120,MOVIE
tt7332652,MOVIE
tt8709036,SERIES
tt8106576,MOVIE
tt1366338,MOVIE
tt8796068,MOVIE
tt7924808,SERIES
tt3711510,MOVIE
tt9316078,MOVIE
tt7172230,SERIES
tt6710568,SERIES
tt6014472,MOVIE
tt7976532,MOVIE
tt8105958,SERIES
tt8004628,SERIES
tt6142496,SERIES
tt6333054,MOVIE
tt7133686,MOVIE
tt7518558,SERIES
tt6216718,MOVIE
tt6061074,SERIES
tt6053948,MOVIE
tt6857988,MOVIE
tt5143890,MOVIE
tt8178116,MOVIE
tt4086018,MOVIE
tt8598690,MOVIE
tt7074092,SERIES
tt7027092,MOVIE
tt9699148,MOVIE
tt1492705,SERIES
tt7022748,MOVIE
tt6167894,SERIES
tt9046556,MOVIE
tt7094874,MOVIE
tt9561968,SERIES
tt7924798,SERIES
tt6126346,MOVIE
tt8295694,MOVIE
tt6854672,SERIES
tt12404980,MOVIE
tt6197484,SERIES
tt6185286,MOVIE
tt8254954,MOVIE
tt5950646,SERIES
tt9077196,MOVIE
tt8771030,SERIES
tt7484994,MOVIE
tt7608534,SERIES
tt6469960,MOVIE
tt7387224,MOVIE
tt2967226,MOVIE
tt7052634,MOVIE
tt4627352,SERIES
tt6347150,MOVIE
tt8262802,MOVIE
tt7487358,MOVIE
tt4144332,SERIES
tt5246762,MOVIE
tt7983844,MOVIE
tt6776106,MOVIE
tt9433014,MOVIE
tt6125832,SERIES
tt7204366,SERIES
tt6849940,SERIES
tt6048930,SERIES
tt8268994,MOVIE
tt8649316,SERIES
tt7935522,SERIES
tt4924942,SERIES
tt7940468,MOVIE
tt8617844,SERIES
tt4397342,MOVIE
tt7940122,MOVIE
tt8045690,MOVIE
tt5790492,SERIES
tt8328460,MOVIE
tt6053938,SERIES
tt8893546,MOVIE
tt5809020,SERIES
tt7620702,MOVIE
tt8659750,SERIES
tt6775794,MOVIE
tt5741304,SERIES
tt5796838,MOVIE
tt6485304,MOVIE
tt5674698,MOVIE
tt6840106,MOVIE
tt6830780,SERIES
tt6183834,MOVIE
tt6129302,MOVIE
tt7489816,MOVIE
tt8116380,MOVIE
tt4766630,SERIES
tt7192414,MOVIE
tt6257622,SERIES
tt8199972,SERIES
tt8792570,SERIES
tt6184894,SERIES
tt8882486,MOVIE
tt6686450,SERIES
tt7158972,SERIES
tt8106596,SERIES
tt6135042,MOVIE
tt6769508,SERIES
tt8041006,MOVIE
tt8259682,MOVIE
tt8404330,MOVIE
tt5294198,SERIES
tt6955878,MOVIE
tt2782692,MOVIE
tt5785170,MOVIE
tt3732280,MOVIE
tt8989864,MOVIE
tt6441176,SERIES
tt7679306,MOVIE
tt7343574,MOVIE
tt11515942,MOVIE
tt7890244,SERIES
tt8512986,SERIES
tt6775816,MOVIE
tt7149916,SERIES
tt8585954,MOVIE
tt8092942,SERIES
tt6892378,SERIES
tt6708116,MOVIE
tt8758778,MOVIE
tt8459250,SERIES
tt7029854,MOVIE
tt6502956,MOVIE
tt6608034,MOVIE
tt8033592,MOVIE
tt7218518,MOVIE
tt7121252,MOVIE
tt5665452,MOVIE
tt8599562,MOVIE
tt6923462,MOVIE
tt5030402,MOVIE
tt9165300,MOVIE
tt8431292,SERIES
tt8160064,MOVIE
tt6895746,SERIES
tt7776244,MOVIE
tt8888710,SERIES
tt6514196,SERIES
tt6692354,MOVIE
tt7531644,MOVIE
tt5693136,SERIES
tt8005338,MOVIE
tt7909708,MOVIE
tt6598734,SERIES
tt8490894,MOVIE
tt7026230,MOVIE
tt8205250,MOVIE
tt7044010,MOVIE
tt9426186,MOVIE
tt7466040,MOVIE
tt5740806,MOVIE
tt9412454,SERIES
tt9327146,SERIES
tt8917752,SERIES
tt6974886,MOVIE
tt4129428,MOVIE
tt7895706,MOVIE
tt5003186,SERIES
tt6762348,MOVIE
tt6914542,SERIES
tt10453170,MOVIE
tt8536972,MOVIE
tt9077188,MOVIE
tt7492122,MOVIE
tt9316022,SERIES
tt5278930,MOVIE
tt7160176,MOVIE
tt7399470,MOVIE
tt8893554,MOVIE
tt6300100,SERIES
tt9587016,SERIES
tt5419676,MOVIE
tt4940416,MOVIE
tt7608418,MOVIE
tt8630282,MOVIE
tt11542960,MOVIE
tt7661368,SERIES
tt6865906,SERIES
tt7488702,SERIES
tt8747882,SERIES
tt6774212,SERIES
tt6983520,MOVIE
tt5038900,SERIES
tt7188736,SERIES
tt7296862,SERIES
tt9203064,MOVIE
tt8342748,SERIES
tt7689924,MOVIE
tt6081408,MOVIE
tt8171234,MOVIE
tt6708044,SERIES
tt8618118,MOVIE
tt7581572,MOVIE
tt6915100,MOVIE
tt6744044,MOVIE
tt6438918,MOVIE
tt9047526,MOVIE
tt15739130,SERIES
tt6728390,MOVIE
tt5870322,MOVIE
tt6485666,MOVIE
tt7310906,MOVIE
tt5791810,MOVIE
tt7776430,MOVIE
tt6967980,MOVIE
tt7924812,MOVIE
tt6688136,SERIES
tt8352124,MOVIE
tt4906960,MOVIE
tt7956274,MOVIE
tt7981052,SERIES
tt7391996,SERIES
tt7356518,MOVIE
tt8912244,SERIES
tt8893566,SERIES
tt7539884,SERIES
tt8106570,MOVIE
tt6562866,MOVIE
tt6433832,MOVIE
tt6910020,MOVIE
tt7415066,MOVIE
tt9077194,SERIES
tt9077184,SERIES
tt6342110,SERIES
tt6555772,MOVIE
tt7527538,MOVIE
tt8488494,MOVIE
tt3396114,SERIES
tt7142506,MOVIE
tt8010342,MOVIE
tt6090102,SERIES
tt5474042,MOVIE
tt1877895,MOVIE
tt7754564,SERIES
tt8106160,MOVIE
tt8747342,MOVIE
tt10777324,SERIES
tt5805298,SERIES
tt7936386,MOVIE
tt12987396,SERIES
tt7763020,SERIES
tt7895652,MOVIE
tt1379164,SERIES
tt9149838,SERIES
tt7371666,MOVIE
tt7968976,SERIES
tt7252000,MOVIE
tt7853242,MOVIE
tt8660874,MOVIE
tt7758552,SERIES
tt8773338,SERIES
tt7841496,SERIES
tt7667038,MOVIE
tt6336270,SERIES
tt7104578,MOVIE
tt6272828,MOVIE
tt8528256,MOVIE
tt7931520,SERIES
tt7094798,SERIES
tt8665634,SERIES
tt7293754,MOVIE
tt6599742,SERIES
tt7410684,MOVIE
tt7379330,MOVIE
tt7218736,MOVIE
tt6917420,SERIES
tt9063106,SERIES
tt6618178,MOVIE
tt1682886,MOVIE
tt7690638,MOVIE
tt6333096,MOVIE
tt3487278,MOVIE
tt5586362,MOVIE
tt7895904,MOVIE
tt8458202,MOVIE
tt4110388,MOVIE
tt7741238,MOVIE
tt7609436,MOVIE
tt6948354,MOVIE
tt6734886,MOVIE
tt6333064,MOVIE
tt7867076,MOVIE
tt6580972,MOVIE
tt8322908,MOVIE
tt6146590,MOVIE
tt4686108,MOVIE
tt8454808,MOVIE
tt6170954,SERIES
tt7679532,MOVIE
tt6119504,MOVIE
tt7737500,MOVIE
tt7288084,SERIES
tt7427130,MOVIE
tt6856604,MOVIE
tt8894324,MOVIE
tt9866700,SERIES
tt7322926,MOVIE
tt8959860,SERIES
tt8805486,SERIES
tt6616074,SERIES
tt6626676,MOVIE
tt4738174,SERIES
tt7001906,MOVIE
tt12740488,MOVIE
tt6527586,SERIES
tt8436026,MOVIE
tt6357074,MOVIE
tt6506146,MOVIE
tt7588850,MOVIE
tt8931836,MOVIE
tt7474914,SERIES
tt7981492,MOVIE
tt7164714,MOVIE
tt7422638,MOVIE
tt20421388,MOVIE
tt8760264,SERIES
tt8435268,SERIES
tt5541002,MOVIE
tt6540084,MOVIE
tt12635254,MOVIE
tt8835780,SERIES
tt9384194,SERIES
tt6531196,SERIES
tt10370958,MOVIE
tt7537960,SERIES
tt7607378,MOVIE
tt0365545,MOVIE
tt5456546,MOVIE
tt7057376,MOVIE
tt6679412,SERIES
tt4554212,MOVIE
tt7211600,MOVIE
tt9545904,SERIES
tt8893502,SERIES
tt6591468,SERIES
tt7390118,SERIES
tt7134506,SERIES
tt7161218,SERIES
tt6589292,SERIES
tt6627630,MOVIE
tt8693758,MOVIE
tt7949046,SERIES
tt7222552,MOVIE
tt8088944,MOVIE
tt8107992,MOVIE
tt6596630,SERIES
tt9642576,MOVIE
tt9238720,SERIES
tt8443480,MOVIE
tt8775056,MOVIE
tt8784906,MOVIE
tt9044128,MOVIE
tt8108202,MOVIE
tt4738912,MOVIE
tt5826432,MOVIE
tt7582890,MOVIE
tt5792472,MOVIE
tt8821182,MOVIE
tt7967580,MOVIE
tt6664120,MOVIE
tt7794052,MOVIE
tt4373956,MOVIE
tt7692572,MOVIE
tt9182404,SERIES
tt8841814,MOVIE
tt7274546,MOVIE
tt6194540,MOVIE
tt8512746,MOVIE
tt7613166,MOVIE
tt8477194,MOVIE
tt7607370,SERIES
tt7619554,MOVIE
tt8826936,MOVIE
tt8507402,MOVIE
tt8397524,SERIES
tt9652322,MOVIE
tt5925772,MOVIE
tt7885558,MOVIE
tt6472116,SERIES
tt7642818,MOVIE
tt8786466,MOVIE
tt6550440,MOVIE
tt7022034,MOVIE
tt9426178,MOVIE
tt6747420,MOVIE
tt8697554,MOVIE
tt7736664,SERIES
tt15057542,MOVIE
tt7655590,MOVIE
tt6269658,MOVIE
tt7768010,MOVIE
tt6710214,SERIES
tt7807026,MOVIE
tt7321274,MOVIE
tt8001718,MOVIE
tt8286926,SERIES
tt8512320,MOVIE
tt6264596,MOVIE
tt8110630,MOVIE
tt5601910,MOVIE
tt8871764,MOVIE
tt7125822,SERIES
tt4061944,MOVIE
tt7370000,MOVIE
tt9203030,MOVIE
tt6343706,MOVIE
tt6386168,MOVIE
tt7492760,MOVIE
tt6964520,MOVIE
tt6795136,MOVIE
tt8908110,MOVIE
tt7797658,SERIES
tt9118620,MOVIE
tt8510324,MOVIE
tt8276106,MOVIE
tt4329242,MOVIE
tt9620806,MOVIE
tt8193396,MOVIE
tt7606620,MOVIE
tt7533878,MOVIE
tt8110440,MOVIE
tt7707314,MOVIE
tt9349942,MOVIE
tt3398808,MOVIE
tt7364706,MOVIE
tt6186696,MOVIE
tt9097372,MOVIE
tt10078502,MOVIE
tt7981318,MOVIE
tt8324578,MOVIE
tt7583280,MOVIE
tt4907094,MOVIE
tt4328934,MOVIE
tt5635808,MOVIE
tt6936350,MOVIE
tt6615648,MOVIE
tt8835552,MOVIE
tt8043306,MOVIE
tt6984530,MOVIE
tt7321504,MOVIE
tt6851966,MOVIE
tt10438662,MOVIE
tt8591984,SERIES
tt6685776,SERIES
tt8866904,MOVIE
tt6522634,SERIES
tt7683350,MOVIE
tt6218048,MOVIE
tt7018722,MOVIE
tt8129694,MOVIE
tt16114198,SERIES
tt6409782,MOVIE
tt9315418,MOVIE
tt7804254,MOVIE
tt10078900,MOVIE
tt10455716,MOVIE
tt4157510,MOVIE
tt8219520,MOVIE
tt7582798,MOVIE
tt6721132,MOVIE
tt8251336,MOVIE
tt6350558,MOVIE
tt6725484,MOVIE
tt7335938,MOVIE
tt5433884,MOVIE
tt9017614,MOVIE
tt6892388,MOVIE
tt7073222,MOVIE
tt6822400,SERIES
tt8893498,MOVIE
tt11456582,SERIES
tt20424818,SERIES
tt6719840,MOVIE
tt7527694,MOVIE
tt8498114,MOVIE
tt7059506,SERIES
tt11256118,MOVIE
tt8467788,SERIES
tt6352548,MOVIE
tt7371662,MOVIE
tt6866914,MOVIE
tt4315044,SERIES
tt8769032,MOVIE
tt8893608,MOVIE
tt8852242,MOVIE
tt7053684,MOVIE
tt6330514,SERIES
tt7983796,MOVIE
tt6318200,SERIES
tt7151438,SERIES
tt7068896,MOVIE
tt8159960,MOVIE
tt7867724,SERIES
tt8026108,MOVIE
tt8894180,MOVIE
tt9038520,MOVIE
tt3328398,MOVIE
tt6791638,SERIES
tt5910902,MOVIE
tt8438438,MOVIE
tt6539420,MOVIE
tt7906422,MOVIE
tt8467922,MOVIE
tt8246636,MOVIE
tt6284014,SERIES
tt7178034,SERIES
tt9270416,SERIES
tt7512304,MOVIE
tt7520228,MOVIE
tt9315848,MOVIE
tt7933564,MOVIE
tt8007436,MOVIE
tt8595708,MOVIE
tt6794448,MOVIE
tt9315892,MOVIE
tt8499662,SERIES
tt7981260,SERIES
tt6680270,MOVIE
tt8560884,MOVIE
tt4699202,SERIES
tt7607452,MOVIE
tt8076266,MOVIE
tt7104984,MOVIE
tt6856186,MOVIE
tt7535792,MOVIE
tt9060526,MOVIE
tt8861786,MOVIE
tt6514218,MOVIE
tt6225842,MOVIE
tt4389410,MOVIE
tt8413624,SERIES
tt8167872,MOVIE
tt8329618,MOVIE
tt8234502,MOVIE
tt9163340,MOVIE
tt9234638,MOVIE
tt7502214,MOVIE
tt7087944,MOVIE
tt6514010,MOVIE
tt6940696,MOVIE
tt7822454,MOVIE
tt7607400,MOVIE
tt7607498,MOVIE
tt5917052,MOVIE
tt5814408,MOVIE
tt7624932,MOVIE
tt7388694,MOVIE
tt8583378,MOVIE
tt5117484,MOVIE
tt6406976,MOVIE
tt8587122,MOVIE
tt6346982,MOVIE
tt8476276,MOVIE
tt8004552,MOVIE
tt6333072,MOVIE
tt7127976,MOVIE
tt8201924,MOVIE
tt8329296,MOVIE
tt9765900,MOVIE
tt7607558,MOVIE
tt6544850,MOVIE
tt8045670,MOVIE
tt8493514,MOVIE
tt5827360,MOVIE
tt5820544,MOVIE
tt7322864,MOVIE
tt15007420,MOVIE
tt9074344,MOVIE
tt9046560,MOVIE
tt20783648,MOVIE
tt7099076,MOVIE
tt9537072,MOVIE
tt5513920,MOVIE
tt9248252,MOVIE
tt7385538,MOVIE
tt9060390,MOVIE
tt9085726,MOVIE
tt7127344,MOVIE
tt10515548,MOVIE
tt20764708,MOVIE
tt3257794,MOVIE
tt6502534,MOVIE
tt8581230,MOVIE
tt7713204,MOVIE
tt7229730,MOVIE
tt8529070,MOVIE
tt6603812,MOVIE
tt7243756,MOVIE
tt7183082,MOVIE
tt8665900,MOVIE
tt7663776,MOVIE
tt7843946,MOVIE
tt7647198,MOVIE
tt7607492,MOVIE
tt10485928,MOVIE
tt7587068,MOVIE
tt8748256,MOVIE
tt6568868,MOVIE
tt7819668,MOVIE
tt7607318,MOVIE
tt6852616,MOVIE
tt6690322,MOVIE
tt5161784,SERIES
tt7904606,MOVIE
tt8791742,MOVIE
tt8607728,SERIES
tt7607450,MOVIE
tt6949882,MOVIE
tt7486356,MOVIE
tt7541708,MOVIE
tt7741602,MOVIE
tt9154584,MOVIE
tt8507516,MOVIE
tt7606464,MOVIE
tt7607260,MOVIE
tt5882416,MOVIE
tt8081748,MOVIE
tt6891660,MOVIE
tt9084890,MOVIE
tt6972212,SERIES
tt8757960,MOVIE
tt7752142,MOVIE
tt7607332,MOVIE
tt8140738,MOVIE
tt6127024,MOVIE
tt9233904,MOVIE
tt6950250,MOVIE
tt11151836,MOVIE
tt7902184,SERIES
tt5158844,MOVIE
tt6487242,MOVIE
tt9189572,MOVIE
tt7924854,MOVIE
tt8540608,SERIES
tt8328418,MOVIE
tt6524440,MOVIE
tt3407614,SERIES
tt6833550,MOVIE
tt8857590,MOVIE
tt6436212,MOVIE
tt7034962,MOVIE
tt6522846,SERIES
tt8571410,MOVIE
tt7607416,MOVIE
tt8686460,MOVIE
tt7698408,MOVIE
tt9140904,MOVIE
tt9033440,MOVIE
tt8531618,MOVIE
tt9866736,SERIES
tt7853268,MOVIE
tt7128070,MOVIE
tt7924764,MOVIE
tt7686876,MOVIE
tt12467250,MOVIE
tt8273258,SERIES
tt7201224,MOVIE
tt10546234,SERIES
tt8506874,MOVIE
tt8426270,MOVIE
tt7138456,MOVIE
tt7183876,MOVIE
tt7871636,MOVIE
tt8134310,MOVIE
tt6386352,MOVIE
tt9437052,MOVIE
tt8847418,MOVIE
tt8669070,MOVIE
tt1312171,MOVIE
tt10589968,SERIES
tt9077530,SERIES
tt8367814,SERIES
tt9335498,MOVIE
tt9561862,SERIES
tt7772602,SERIES
tt10233448,SERIES
tt8036272,SERIES
tt7520794,SERIES
tt10436228,SERIES
tt5180504,SERIES
tt8740790,SERIES
tt11937662,SERIES
tt8398600,SERIES
tt7698468,SERIES
tt10713450,MOVIE
tt10473306,SERIES
tt10098498,SERIES
tt10048342,SERIES
tt7588054,SERIES
tt7767422,SERIES
tt8064302,SERIES
tt10483610,SERIES
tt10050772,SERIES
tt8289930,SERIES
tt8420184,SERIES
tt3007572,SERIES
tt10293938,SERIES
tt8962124,SERIES
tt10003008,SERIES
tt7909970,MOVIE
tt6611916,SERIES
tt7939766,SERIES
tt1302006,MOVIE
tt9908860,MOVIE
tt10875696,SERIES
tt9612516,SERIES
tt11904786,SERIES
tt10062292,SERIES
tt8936646,SERIES
tt9698480,MOVIE
tt12888462,SERIES
tt9016974,MOVIE
tt8788458,MOVIE
tt8949056,SERIES
tt9139220,MOVIE
tt8228288,SERIES
tt7846844,MOVIE
tt9174536,MOVIE
tt7556122,SERIES
tt8923854,MOVIE
tt8508734,SERIES
tt7653254,MOVIE
tt11755260,MOVIE
tt3387520,SERIES
tt7395114,MOVIE
tt10189300,MOVIE
tt8258074,MOVIE
tt7984766,MOVIE
tt10795658,MOVIE
tt6905690,SERIES
tt7137906,SERIES
tt1206885,SERIES
tt10970552,MOVIE
tt7541106,SERIES
tt7052494,MOVIE
tt9077540,MOVIE
tt6560164,SERIES
tt6841122,MOVIE
tt5431890,MOVIE
tt9059350,MOVIE
tt11161474,SERIES
tt8781414,MOVIE
tt8688634,MOVIE
tt8106534,MOVIE
tt10618286,MOVIE
tt9893250,MOVIE
tt11318602,MOVIE
tt9243946,SERIES
tt7374948,MOVIE
tt8879894,MOVIE
tt11464826,SERIES
tt8855960,MOVIE
tt3833480,MOVIE
tt5919756,MOVIE
tt1488606,SERIES
tt8580274,MOVIE
tt11056808,MOVIE
tt10919486,SERIES
tt7605074,SERIES
tt10521092,MOVIE
tt10098620,MOVIE
tt10362466,SERIES
tt8110640,MOVIE
tt6259380,MOVIE
tt4332232,SERIES
tt9251798,MOVIE
tt10886166,SERIES
tt11704040,MOVIE
tt9359220,SERIES
tt9827854,SERIES
tt9253866,SERIES
tt10359446,SERIES
tt13322572,SERIES
tt7826108,SERIES
tt6292852,SERIES
tt8784956,MOVIE
tt1070874,MOVIE
tt0800325,SERIES
tt7423538,MOVIE
tt8707922,SERIES
tt7971476,MOVIE
tt1618434,SERIES
tt9777644,MOVIE
tt10539608,MOVIE
tt11841276,MOVIE
tt11147852,SERIES
tt8778064,SERIES
tt7607544,SERIES
tt19354884,SERIES
tt9184986,SERIES
tt8169446,SERIES
tt10681222,MOVIE
tt9619798,SERIES
tt6472976,SERIES
tt9173418,MOVIE
tt4126476,MOVIE
tt8210856,MOVIE
tt8075260,SERIES
tt10872880,MOVIE
tt9056818,SERIES
tt8880894,MOVIE
tt8001106,SERIES
tt8404614,SERIES
tt2235695,MOVIE
tt8426594,MOVIE
tt5952634,MOVIE
tt9684220,SERIES
tt14033496,MOVIE
tt9683478,SERIES
tt8526872,MOVIE
tt10161886,MOVIE
tt12312250,MOVIE
tt13624584,SERIES
tt5690870,SERIES
tt11073588,MOVIE
tt10514222,SERIES
tt7949606,MOVIE
tt10530176,SERIES
tt6772802,MOVIE
tt9817298,MOVIE
tt9680524,SERIES
tt9446688,SERIES
tt6127004,SERIES
tt20873518,MOVIE
tt1860242,SERIES
tt9642938,MOVIE
tt6418778,SERIES
tt11426660,MOVIE
tt9628244,SERIES
tt8295472,SERIES
tt8615822,SERIES
tt12585152,MOVIE
tt2481498,SERIES
tt10482560,MOVIE
tt8058874,SERIES
tt9466298,MOVIE
tt6060444,SERIES
tt10554898,MOVIE
tt9398640,SERIES
tt12004280,MOVIE
tt7455754,SERIES
tt11394180,MOVIE
tt7043012,MOVIE
tt8369840,MOVIE
tt10888876,SERIES
tt7555294,SERIES
tt9103932,SERIES
tt11823076,SERIES
tt12829958,SERIES
tt7263154,MOVIE
tt11973834,SERIES
tt5868244,MOVIE
tt11819890,MOVIE
tt7550000,MOVIE
tt4687108,MOVIE
tt9860676,MOVIE
tt10620868,SERIES
tt7371896,MOVIE
tt9415632,SERIES
tt12516712,SERIES
tt2983222,SERIES
tt10220588,SERIES
tt5807330,SERIES
tt8041276,MOVIE
tt8652642,MOVIE
tt3111426,SERIES
tt9412098,MOVIE
tt7458762,SERIES
tt9151230,MOVIE
tt8856470,SERIES
tt4995776,MOVIE
tt10584608,MOVIE
tt7777196,SERIES
tt8787802,MOVIE
tt1759744,SERIES
tt8923484,MOVIE
tt12370124,MOVIE
tt14337216,SERIES
tt4139588,SERIES
tt7315484,MOVIE
tt9184994,MOVIE
tt8699270,SERIES
tt8629748,SERIES
tt10516984,MOVIE
tt12540080,MOVIE
tt2076298,SERIES
tt9581768,MOVIE
tt11989890,SERIES
tt11043632,MOVIE
tt7671598,SERIES
tt8328716,SERIES
tt10834478,MOVIE
tt12374132,SERIES
tt11600174,SERIES
tt9806192,SERIES
tt11771594,MOVIE
tt3547306,MOVIE
tt13607518,SERIES
tt8128188,SERIES
tt4779326,MOVIE
tt8462412,MOVIE
tt11239552,SERIES
tt4257940,SERIES
tt3256226,MOVIE
tt9067182,MOVIE
tt7488208,MOVIE
tt8618654,MOVIE
tt8686106,MOVIE
tt5795282,SERIES
tt5294518,MOVIE
tt7533152,MOVIE
tt9624766,MOVIE
tt12987894,MOVIE
tt12867810,MOVIE
tt8165086,SERIES
tt10199586,SERIES
tt12451520,MOVIE
tt9899340,SERIES
tt8179388,SERIES
tt12027034,MOVIE
tt9794630,SERIES
tt5616176,MOVIE
tt7718088,MOVIE
tt8836988,SERIES
tt6193408,MOVIE
tt8463172,MOVIE
tt11863046,SERIES
tt9577852,MOVIE
tt9351980,MOVIE
tt12588372,MOVIE
tt10837476,SERIES
tt6834140,SERIES
tt4729430,MOVIE
tt13273826,MOVIE
tt11680468,SERIES
tt10600398,SERIES
tt3907584,MOVIE
tt8704802,MOVIE
tt9358204,MOVIE
tt9164986,MOVIE
tt7403736,SERIES
tt12759400,SERIES
tt12792418,SERIES
tt11423784,MOVIE
tt9381622,MOVIE
tt10050778,SERIES
tt12324660,SERIES
tt10199914,SERIES
tt11388580,MOVIE
tt8961508,MOVIE
tt7949204,SERIES
tt10642834,SERIES
tt8741648,MOVIE
tt10731386,SERIES
tt11165002,MOVIE
tt4460792,SERIES
tt9387250,MOVIE
tt9073958,MOVIE
tt9026184,SERIES
tt9117054,MOVIE
tt7087260,SERIES
tt4878488,SERIES
tt8022978,SERIES
tt5859882,SERIES
tt11604750,MOVIE
tt11405390,MOVIE
tt8201170,SERIES
tt7043380,MOVIE
tt8115560,SERIES
tt5096470,SERIES
tt8637504,MOVIE
tt6256978,MOVIE
tt10307440,MOVIE
tt10016704,MOVIE
tt9264728,MOVIE
tt10888708,MOVIE
tt9421868,MOVIE
tt10370932,SERIES
tt10332322,MOVIE
tt1758589,SERIES
tt10847306,SERIES
tt7042146,MOVIE
tt8693266,SERIES
tt6468740,SERIES
tt6937368,MOVIE
tt11994750,MOVIE
tt8523042,MOVIE
tt10675724,SERIES
tt11958344,MOVIE
tt2197936,MOVIE
tt10810424,MOVIE
tt13316746,MOVIE
tt11398870,SERIES
tt13375866,SERIES
tt10915286,SERIES
tt8846176,SERIES
tt9063902,MOVIE
tt10675488,MOVIE
tt9261218,MOVIE
tt10473150,MOVIE
tt10394770,SERIES
tt10027990,SERIES
tt11475228,SERIES
tt5125894,SERIES
tt12767498,MOVIE
tt11240506,MOVIE
tt9098928,MOVIE
tt8652818,MOVIE
tt10095402,MOVIE
tt9849210,SERIES
tt9067020,SERIES
tt10377036,SERIES
tt10810430,MOVIE
tt8000718,SERIES
tt8107988,MOVIE
tt8750956,SERIES
tt4651448,SERIES
tt12930534,SERIES
tt8743064,SERIES
tt5206260,MOVIE
tt11833494,MOVIE
tt13110256,SERIES
tt10687134,SERIES
tt5316540,SERIES
tt9690302,MOVIE
tt8099236,SERIES
tt9196192,MOVIE
tt9632590,SERIES
tt9861504,MOVIE
tt11024272,MOVIE
tt9348718,MOVIE
tt8403536,SERIES
tt12508898,SERIES
tt9308682,SERIES
tt9252508,SERIES
tt11284280,MOVIE
tt8690518,MOVIE
tt10075318,SERIES
tt10487072,SERIES
tt1950235,SERIES
tt9134194,MOVIE
tt9866072,SERIES
tt10303430,MOVIE
tt7456312,MOVIE
tt9015306,MOVIE
tt12313914,MOVIE
tt8509922,SERIES
tt8826128,SERIES
tt8575476,SERIES
tt7822432,SERIES
tt8535968,MOVIE
tt10324166,MOVIE
tt9850952,MOVIE
tt12458252,SERIES
tt9170386,SERIES
tt8914012,SERIES
tt10971520,SERIES
tt9460858,MOVIE
tt9731288,SERIES
tt7558302,SERIES
tt4323594,MOVIE
tt9850064,MOVIE
tt9050352,MOVIE
tt11753730,SERIES
tt10037034,MOVIE
tt9354842,SERIES
tt12246190,MOVIE
tt12013558,SERIES
tt10682266,SERIES
tt10340990,MOVIE
tt8976576,SERIES
tt11963042,MOVIE
tt5066664,SERIES
tt6445414,SERIES
tt10050780,MOVIE
tt12987918,MOVIE
tt8404094,SERIES
tt12917170,SERIES
tt9636800,SERIES
tt13488080,SERIES
tt8304498,SERIES
tt7970348,SERIES
tt8178486,MOVIE
tt9860752,MOVIE
tt7645780,MOVIE
tt9358200,MOVIE
tt10423460,SERIES
tt7322210,SERIES
tt11313054,SERIES
tt9310328,MOVIE
tt12133722,MOVIE
tt9731242,MOVIE
tt10291112,SERIES
tt10516352,SERIES
tt10376068,SERIES
tt6739816,MOVIE
tt10187680,MOVIE
tt11307176,MOVIE
tt9432978,SERIES
tt8676426,SERIES
tt8861802,SERIES
tt10477558,MOVIE
tt12190580,SERIES
tt10404944,SERIES
tt13161310,MOVIE
tt8035424,SERIES
tt11394170,SERIES
tt6515910,MOVIE
tt9879074,MOVIE
tt12753692,SERIES
tt9332962,SERIES
tt9185316,SERIES
tt19363230,MOVIE
tt1830643,SERIES
tt13660638,MOVIE
tt8367694,SERIES
tt9039142,SERIES
tt10456740,SERIES
tt11958648,MOVIE
tt8819596,SERIES
tt8902948,MOVIE
tt11390036,MOVIE
tt6508228,MOVIE
tt6251390,MOVIE
tt9814900,MOVIE
tt12624844,SERIES
tt10326928,SERIES
tt8431078,MOVIE
tt12117854,MOVIE
tt11269704,MOVIE
tt13567480,MOVIE
tt8943224,MOVIE
tt12048124,MOVIE
tt10260638,SERIES
tt10324144,MOVIE
tt10627584,MOVIE
tt10050362,MOVIE
tt11058644,MOVIE
tt8404520,SERIES
tt9130542,SERIES
tt9048368,SERIES
tt11569640,SERIES
tt7843530,MOVIE
tt12221748,MOVIE
tt10069398,MOVIE
tt9482786,SERIES
tt13411948,MOVIE
tt9398466,MOVIE
tt10302548,SERIES
tt12929796,SERIES
tt8322592,SERIES
tt10243640,SERIES
tt10431500,SERIES
tt11769304,MOVIE
tt12930602,SERIES
tt9345754,SERIES
tt11823088,MOVIE
tt12031040,SERIES
tt13492374,SERIES
tt10243692,SERIES
tt9426212,SERIES
tt13148876,MOVIE
tt10952752,SERIES
tt13175760,MOVIE
tt9426290,SERIES
tt8902990,SERIES
tt13464340,MOVIE
tt9244578,SERIES
tt2499764,SERIES
tt12078990,SERIES
tt12875782,MOVIE
tt10698408,SERIES
tt11958942,SERIES
tt13070478,SERIES
tt9770286,MOVIE
tt11053220,SERIES
tt9348716,SERIES
tt11777040,SERIES
tt9145880,MOVIE
tt11131980,SERIES
tt11390530,SERIES
tt8739582,SERIES
tt9731222,MOVIE
tt12409154,SERIES
tt7903530,SERIES
tt12357266,MOVIE
tt1552211,MOVIE
tt11738792,MOVIE
tt11269714,MOVIE
tt11434862,SERIES
tt8164794,SERIES
tt10715172,MOVIE
tt11829316,SERIES
tt11150912,SERIES
tt10826064,SERIES
tt9612680,SERIES
tt12850322,MOVIE
tt9654080,SERIES
tt9486226,SERIES
tt8750122,SERIES
tt8510488,MOVIE
tt8771910,MOVIE
tt10506510,SERIES
tt7736496,SERIES
tt9184592,MOVIE
tt8727582,SERIES
tt10767748,SERIES
tt10061766,SERIES
tt7937168,MOVIE
tt10050766,MOVIE
tt10329134,MOVIE
tt11525022,MOVIE
tt11559652,MOVIE
tt11269886,MOVIE
tt7832848,SERIES
tt8403622,MOVIE
tt12034342,SERIES
tt8001250,SERIES
tt10087694,SERIES
tt11861072,SERIES
tt9419834,SERIES
tt9826314,MOVIE
tt8655736,SERIES
tt10376904,SERIES
tt10681670,SERIES
tt9169764,SERIES
tt9664078,MOVIE
tt10883004,MOVIE
tt6435258,MOVIE
tt8680902,MOVIE
tt11561206,SERIES
tt11497904,SERIES
tt9898858,SERIES
tt5848416,MOVIE
tt9095526,MOVIE
tt11958922,SERIES
tt10525672,SERIES
tt13563634,SERIES
tt12692980,SERIES
tt10933680,MOVIE
tt10192576,MOVIE
tt8478108,SERIES
tt8230872,SERIES
tt10895604,MOVIE
tt9310372,SERIES
tt9058134,SERIES
tt8784324,SERIES
tt15515386,SERIES
tt8130968,SERIES
tt9856280,MOVIE
tt11163014,MOVIE
tt10044952,SERIES
tt7360648,SERIES
tt13705052,MOVIE
tt9169602,SERIES
tt10589914,SERIES
tt11542920,MOVIE
tt8403570,SERIES
tt6704898,SERIES
tt9815714,MOVIE
tt6016744,MOVIE
tt10915060,MOVIE
tt10265158,MOVIE
tt11100856,SERIES
tt9784456,MOVIE
tt6843446,MOVIE
tt13044528,MOVIE
tt12263402,SERIES
tt10551904,SERIES
tt9581778,MOVIE
tt10549212,SERIES
tt9466990,SERIES
tt8145202,SERIES
tt10147520,MOVIE
tt10755644,SERIES
tt13167556,MOVIE
tt10651790,MOVIE
tt11273976,SERIES
tt10406128,MOVIE
tt14994658,SERIES
tt10147546,SERIES
tt18554728,MOVIE
tt10932166,SERIES
tt9760504,SERIES
tt11656172,MOVIE
tt10991188,MOVIE
tt11804034,MOVIE
tt11697484,SERIES
tt13570366,MOVIE
tt13487106,SERIES
tt10728764,SERIES
tt11318624,MOVIE
tt11276598,MOVIE
tt10575038,MOVIE
tt7221772,MOVIE
tt11497544,MOVIE
tt8995604,MOVIE
tt9817236,SERIES
tt7785420,SERIES
tt12759384,SERIES
tt10055734,SERIES
tt10477528,SERIES
tt6527456,SERIES
tt3260524,MOVIE
tt6908976,MOVIE
tt13723064,SERIES
tt10287954,MOVIE
tt6365796,MOVIE
tt12879522,MOVIE
tt9184970,SERIES
tt8613876,SERIES
tt12588160,MOVIE
tt10276470,MOVIE
tt7358154,MOVIE
tt4844150,MOVIE
tt6869362,MOVIE
tt8523028,SERIES
tt12850262,MOVIE
tt8296660,SERIES
tt12525622,MOVIE
tt13783758,SERIES
tt12987838,SERIES
tt11905462,MOVIE
tt6836936,MOVIE
tt6772524,MOVIE
tt6172460,MOVIE
tt12780384,SERIES
tt9695258,SERIES
tt12923734,MOVIE
tt13394544,SERIES
tt10767720,SERIES
tt7943036,MOVIE
tt12754910,SERIES
tt10686814,SERIES
tt11229002,SERIES
tt10677432,SERIES
tt11822998,SERIES
tt8116640,SERIES
tt12759334,MOVIE
tt8987918,SERIES
tt9046564,SERIES
tt9581782,MOVIE
tt10253244,SERIES
tt10050782,SERIES
tt16391360,MOVIE
tt10726356,SERIES
tt8905964,SERIES
tt12176398,SERIES
tt12560270,SERIES
tt10655608,SERIES
tt10508838,MOVIE
tt13244092,SERIES
tt12200714,SERIES
tt9708598,SERIES
tt10732794,SERIES
tt9747016,SERIES
tt11996042,MOVIE
tt6280858,SERIES
tt12004838,MOVIE
tt9271164,MOVIE
tt11177308,MOVIE
tt12588326,MOVIE
tt10345590,SERIES
tt10186846,MOVIE
tt10244612,SERIES
tt5827790,SERIES
tt11983342,MOVIE
tt9731254,SERIES
tt7080422,SERIES
tt12938472,MOVIE
tt9537292,SERIES
tt10516390,MOVIE
tt12656690,MOVIE
tt12146940,SERIES
tt11718294,SERIES
tt6593054,SERIES
tt13130532,MOVIE
tt11810418,MOVIE
tt13428402,SERIES
tt4180560,MOVIE
tt13058290,MOVIE
tt12742136,MOVIE
tt13495586,SERIES
tt8976710,SERIES
tt9046574,MOVIE
tt8202262,MOVIE
tt9165404,MOVIE
tt13206988,SERIES
tt9641192,SERIES
tt10628250,SERIES
tt7967412,SERIES
tt10655506,SERIES
tt12027008,SERIES
tt9278032,MOVIE
tt10268080,SERIES
tt10714856,SERIES
tt7200946,MOVIE
tt8246392,MOVIE
tt13005714,MOVIE
tt9257484,SERIES
tt10329566,MOVIE
tt9281190,MOVIE
tt10986056,SERIES
tt10948316,SERIES
tt9916362,SERIES
tt6736198,MOVIE
tt11321572,MOVIE
tt11154906,MOVIE
tt12079236,MOVIE
tt13649688,SERIES
tt9817258,MOVIE
tt11127690,MOVIE
tt8599746,MOVIE
tt11829302,MOVIE
tt9213932,MOVIE
tt8242160,MOVIE
tt13433082,MOVIE
tt10241238,MOVIE
tt10370956,SERIES
tt9799992,SERIES
tt12723962,MOVIE
tt11418344,SERIES
tt11916718,SERIES
tt9654086,SERIES
tt11272424,SERIES
tt10380934,SERIES
tt13279528,SERIES
tt7304802,MOVIE
tt10230414,MOVIE
tt10978398,MOVIE
tt11860624,MOVIE
tt7299298,MOVIE
tt13731400,MOVIE
tt6834916,SERIES
tt10367818,MOVIE
tt10395748,SERIES
tt12588416,MOVIE
tt12765530,SERIES
tt9098432,SERIES
tt11377920,SERIES
tt9169592,SERIES
tt1275863,MOVIE
tt3993886,MOVIE
tt10589932,MOVIE
tt10798660,SERIES
tt10289996,MOVIE
tt12748032,MOVIE
tt10380814,SERIES
tt14017966,SERIES
tt11092086,SERIES
tt8749922,SERIES
tt10348700,MOVIE
tt9310400,SERIES
tt10367990,SERIES
tt7427356,SERIES
tt11474156,MOVIE
tt14064260,MOVIE
tt10438648,MOVIE
tt9886950,MOVIE
tt11474480,SERIES
tt8988832,MOVIE
tt9731266,MOVIE
tt12719250,SERIES
tt12588432,SERIES
tt9887580,MOVIE
tt13276386,MOVIE
tt12189310,MOVIE
tt8217188,SERIES
tt8783532,MOVIE
tt8900434,MOVIE
tt9153270,SERIES
tt10930958,SERIES
tt11465292,SERIES
tt10106108,SERIES
tt13486136,SERIES
tt10556746,SERIES
tt12567088,MOVIE
tt9647980,MOVIE
tt9239888,MOVIE
tt9327242,MOVIE
tt7562334,SERIES
tt10941528,MOVIE
tt8027624,MOVIE
tt10064124,SERIES
tt10521644,SERIES
tt9046782,SERIES
tt9032888,SERIES
tt13345636,MOVIE
tt9852660,MOVIE
tt8001788,SERIES
tt10009796,SERIES
tt10731748,MOVIE
tt7511008,MOVIE
tt8959820,MOVIE
tt12027020,MOVIE
tt9266592,SERIES
tt13055780,MOVIE
tt10312958,MOVIE
tt13150630,SERIES
tt9522354,MOVIE
tt12580168,SERIES
tt9562694,SERIES
tt8685446,MOVIE
tt8009602,SERIES
tt6342440,SERIES
tt10682000,MOVIE
tt9584024,MOVIE
tt10060094,SERIES
tt9660688,MOVIE
tt14288764,MOVIE
tt9824012,MOVIE
tt9337588,MOVIE
tt10662450,SERIES
tt7304824,MOVIE
tt9426194,MOVIE
tt10746342,SERIES
tt10619444,MOVIE
tt12079212,SERIES
tt9537306,SERIES
tt13317376,SERIES
tt10914452,SERIES
tt8211214,MOVIE
tt9358052,MOVIE
tt8550208,MOVIE
tt12875794,SERIES
tt12553430,SERIES
tt10511826,MOVIE
tt13363298,MOVIE
tt11254858,SERIES
tt13353486,MOVIE
tt10851618,MOVIE
tt8983180,MOVIE
tt12939836,MOVIE
tt10448486,SERIES
tt10804786,SERIES
tt13236566,MOVIE
tt12753698,MOVIE
tt9343754,SERIES
tt4008566,MOVIE
tt10540562,MOVIE
tt11921004,SERIES
tt7600716,MOVIE
tt9806336,MOVIE
tt6193522,MOVIE
tt7983744,MOVIE
tt10097484,MOVIE
tt10311932,MOVIE
tt10242266,SERIES
tt13192640,SERIES
tt10097916,MOVIE
tt8722624,SERIES
tt13583120,MOVIE
tt12599350,MOVIE
tt11194492,MOVIE
tt10305616,MOVIE
tt11248800,SERIES
tt3155342,MOVIE
tt8908002,SERIES
tt10282734,MOVIE
tt11199356,SERIES
tt10308686,MOVIE
tt12759408,MOVIE
tt10816484,MOVIE
tt11541444,MOVIE
tt8176040,SERIES
tt11133472,MOVIE
tt8716800,MOVIE
tt9806322,MOVIE
tt10912990,MOVIE
tt7594584,MOVIE
tt11568878,MOVIE
tt8530978,MOVIE
tt12327104,MOVIE
tt5621544,MOVIE
tt9735976,SERIES
tt13446424,MOVIE
tt8009622,MOVIE
tt9654108,SERIES
tt11152058,MOVIE
tt9196244,SERIES
tt11281912,SERIES
tt10895588,SERIES
tt13540900,SERIES
tt12481806,MOVIE
tt9717424,MOVIE
tt10847138,SERIES
tt10556130,MOVIE
tt10540242,MOVIE
tt13492362,MOVIE
tt8042292,SERIES
tt13615386,MOVIE
tt10243628,MOVIE
tt13292206,SERIES
tt11057644,MOVIE
tt13150606,MOVIE
tt9228950,MOVIE
tt11052346,MOVIE
tt11810424,MOVIE
tt13318052,MOVIE
tt4725842,MOVIE
tt9567112,MOVIE
tt6078866,MOVIE
tt9877170,MOVIE
tt10230426,MOVIE
tt12792598,MOVIE
tt9663460,MOVIE
tt9646240,MOVIE
tt9165434,SERIES
tt8477336,SERIES
tt9100028,SERIES
tt11378264,MOVIE
tt5603212,MOVIE
tt10370116,MOVIE
tt11316824,MOVIE
tt6156138,MOVIE
tt12285116,MOVIE
tt11261994,MOVIE
tt9109976,SERIES
tt12313074,MOVIE
tt12540060,SERIES
tt10687642,SERIES
tt11564588,MOVIE
tt8069036,MOVIE
tt10751504,SERIES
tt10127562,SERIES
tt11313076,MOVIE
tt11247064,MOVIE
tt10763618,MOVIE
tt9850370,MOVIE
tt8976832,MOVIE
tt12882062,MOVIE
tt7920024,MOVIE
tt12429046,MOVIE
tt10577906,SERIES
tt10006006,MOVIE
tt9809140,MOVIE
tt10484298,MOVIE
tt8115702,MOVIE
tt10946934,SERIES
tt9314996,MOVIE
tt10035478,SERIES
tt11488724,MOVIE
tt9309756,MOVIE
tt8435324,MOVIE
tt7738048,MOVIE
tt11168104,MOVIE
tt9046568,SERIES
tt9770590,MOVIE
tt9172840,MOVIE
tt11987296,MOVIE
tt10768194,MOVIE
tt12899858,MOVIE
tt12397078,MOVIE
tt10327440,MOVIE
tt8115672,SERIES
tt12825380,SERIES
tt9587732,MOVIE
tt10027946,SERIES
tt17081346,SERIES
tt10128616,MOVIE
tt10230422,MOVIE
tt10472296,MOVIE
tt12139700,SERIES
tt9820352,MOVIE
tt13161318,MOVIE
tt12882136,MOVIE
tt6628322,SERIES
tt8983202,MOVIE
tt11168100,MOVIE
tt8852536,MOVIE
tt8354582,MOVIE
tt10521638,MOVIE
tt11534164,MOVIE
tt10088086,SERIES
tt10847194,SERIES
tt11506054,MOVIE
tt10350626,MOVIE
tt11499506,MOVIE
tt12661060,MOVIE
tt12748264,MOVIE
tt10798934,SERIES
tt8992946,MOVIE
tt11454718,MOVIE
tt13400146,MOVIE
tt9271408,MOVIE
tt11243536,MOVIE
tt11651780,SERIES
tt9725830,MOVIE
tt10856726,MOVIE
tt10648198,MOVIE
tt12486430,MOVIE
tt10589924,SERIES
tt13652552,MOVIE
tt13458600,SERIES
tt13528990,MOVIE
tt7336684,MOVIE
tt8972556,MOVIE
tt11215186,MOVIE
tt10919902,SERIES
tt12930476,SERIES
tt10971532,MOVIE
tt11692986,SERIES
tt10888456,MOVIE
tt7240536,MOVIE
tt5990444,MOVIE
tt11763742,MOVIE
tt11464488,MOVIE
tt12025688,MOVIE
tt10924716,MOVIE
tt10945060,MOVIE
tt11151792,MOVIE
tt12428002,MOVIE
tt10085386,SERIES
tt11698668,SERIES
tt7885874,SERIES
tt8108164,MOVIE
tt10348478,MOVIE
tt10370952,SERIES
tt12588448,MOVIE
tt10937434,MOVIE
tt8466562,MOVIE
tt9654082,MOVIE
tt8362228,SERIES
tt12571792,MOVIE
tt9810420,SERIES
tt9817288,MOVIE
tt9050898,SERIES
tt11497900,MOVIE
tt13260836,MOVIE
tt13409790,MOVIE
tt6213294,MOVIE
tt10196464,MOVIE
tt12393526,MOVIE
tt11215112,MOVIE
tt12547440,SERIES
tt6670074,MOVIE
tt10627548,MOVIE
tt13118012,MOVIE
tt12724632,MOVIE
tt10857582,MOVIE
tt9150970,MOVIE
tt10805822,MOVIE
tt8882390,SERIES
tt10662234,MOVIE
tt11412566,MOVIE
tt10896172,MOVIE
tt13206564,SERIES
tt7983712,MOVIE
tt11725706,MOVIE
tt7559180,SERIES
tt12567164,MOVIE
tt12499674,SERIES
tt11942052,MOVIE
tt13212006,MOVIE
tt7370952,MOVIE
tt12687448,MOVIE
tt10930586,MOVIE
tt8726116,MOVIE
tt6076668,MOVIE
tt8393332,MOVIE
tt12665438,MOVIE
tt8055888,SERIES
tt13206842,MOVIE
tt13082008,MOVIE
tt10091530,MOVIE
tt12800428,MOVIE
tt12573294,SERIES
tt8130904,MOVIE
tt10635720,MOVIE
tt12689526,MOVIE
tt12459520,MOVIE
tt9614988,MOVIE
tt8747560,MOVIE
tt10958282,MOVIE
tt11767524,MOVIE
tt7805960,MOVIE
tt12689876,MOVIE
tt12730310,MOVIE
tt9327348,MOVIE
tt9391692,SERIES
tt10702412,SERIES
tt11163008,SERIES
tt12509942,MOVIE
tt10608668,MOVIE
tt5818722,MOVIE
tt10076106,MOVIE
tt13322484,MOVIE
tt13354204,MOVIE
tt10228032,MOVIE
tt13079112,SERIES
tt11385066,MOVIE
tt8741182,SERIES
tt10687170,MOVIE
tt4232066,SERIES
tt12140808,MOVIE
tt11875456,SERIES
tt12282598,MOVIE
tt9880234,MOVIE
tt9808532,MOVIE
tt11611314,MOVIE
tt12855976,MOVIE
tt4486148,MOVIE
tt13262150,MOVIE
tt8793990,MOVIE
tt10077998,MOVIE
tt10530392,MOVIE
tt11194508,MOVIE
tt10977486,SERIES
tt4355838,MOVIE
tt11313068,MOVIE
tt11651796,MOVIE
tt13809646,MOVIE
tt11531530,MOVIE
tt13452100,SERIES
tt10243678,SERIES
tt11638656,MOVIE
tt11230868,MOVIE
tt13297136,MOVIE
tt10715194,MOVIE
tt13255112,MOVIE
tt9359294,MOVIE
tt9046562,SERIES
tt8675288,MOVIE
tt8747450,MOVIE
tt11168116,MOVIE
tt8976418,SERIES
tt10753590,MOVIE
tt9046576,SERIES
tt8101766,MOVIE
tt10150694,MOVIE
tt8531592,MOVIE
tt1477110,SERIES
tt11829340,MOVIE
tt19783642,SERIES
tt11754464,MOVIE
tt12875768,SERIES
tt11561866,SERIES
tt10050752,MOVIE
tt13766476,SERIES
tt12892186,MOVIE
tt8659050,SERIES
tt11953628,MOVIE
tt8890582,MOVIE
tt11156614,MOVIE
tt9543488,MOVIE
tt10543680,MOVIE
tt11916314,MOVIE
tt9382596,MOVIE
tt7103742,MOVIE
tt12241424,MOVIE
tt11569628,MOVIE
tt12187586,SERIES
tt6155456,MOVIE
tt11193888,MOVIE
tt8718112,MOVIE
tt8976464,MOVIE
tt10555482,MOVIE
tt14099462,MOVIE
tt12912830,MOVIE
tt10963790,SERIES
tt11900444,MOVIE
tt11874042,MOVIE
tt11988512,SERIES
tt10403090,MOVIE
tt11032990,MOVIE
tt8442644,MOVIE
tt10235600,MOVIE
tt10738914,MOVIE
tt5687236,MOVIE
tt12358794,MOVIE
tt9822904,SERIES
tt12536776,MOVIE
tt9597190,MOVIE
tt9766280,MOVIE
tt12779208,MOVIE
tt7867670,SERIES
tt7798984,MOVIE
tt10369210,MOVIE
tt11773276,MOVIE
tt13058374,MOVIE
tt9817290,MOVIE
tt8747548,SERIES
tt9648942,MOVIE
tt12319946,MOVIE
tt13479662,SERIES
tt5900870,MOVIE
tt11280100,MOVIE
tt11823028,MOVIE
tt11460744,SERIES
tt12423052,SERIES
tt13150564,MOVIE
tt12190648,MOVIE
tt8268916,MOVIE
tt11481312,MOVIE
tt10376844,MOVIE
tt9708588,MOVIE
tt13248198,SERIES
tt11822492,MOVIE
tt8907844,MOVIE
tt11508212,MOVIE
tt9056824,SERIES
tt9176260,MOVIE
tt13532214,MOVIE
tt11091664,MOVIE
tt10833732,MOVIE
tt10027954,MOVIE
tt10977680,MOVIE
tt13370858,MOVIE
tt9695156,MOVIE
tt8207768,MOVIE
tt11215130,MOVIE
tt10320050,SERIES
tt13106900,MOVIE
tt12572032,MOVIE
tt13079086,MOVIE
tt14857600,MOVIE
tt14495194,SERIES
tt12748268,MOVIE
tt10438656,SERIES
tt9817760,MOVIE
tt9789272,MOVIE
tt13453828,SERIES
tt12923630,SERIES
tt10773114,SERIES
tt15127976,MOVIE
tt9176296,SERIES
tt12189308,MOVIE
tt11470064,SERIES
tt14740326,MOVIE
tt6373518,MOVIE
tt13528526,MOVIE
tt11108064,MOVIE
tt11210142,MOVIE
tt11127878,SERIES
tt11505398,MOVIE
tt12071466,MOVIE
tt11287390,SERIES
tt13329282,MOVIE
tt10101806,SERIES
tt14637704,MOVIE
tt10141612,MOVIE
tt13150612,MOVIE
tt12987872,MOVIE
tt11010144,SERIES
tt11867144,MOVIE
tt13388018,MOVIE
tt16672800,MOVIE
tt10687564,MOVIE
tt10081210,SERIES
tt8443432,MOVIE
tt12411586,MOVIE
tt13458584,MOVIE
tt13890834,MOVIE
tt10410186,MOVIE
tt7654668,MOVIE
tt9382396,MOVIE
tt10882938,MOVIE
tt12923664,MOVIE
tt11057912,SERIES
tt10847330,MOVIE
tt12282600,MOVIE
tt13610390,MOVIE
tt9390254,MOVIE
tt11769162,MOVIE
tt11710234,MOVIE
tt14592684,MOVIE
tt11749980,SERIES
tt10377292,SERIES
tt8304386,MOVIE
tt10156112,MOVIE
tt10087988,MOVIE
tt10061256,MOVIE
tt10230436,MOVIE
tt11330500,MOVIE
tt9110340,SERIES
tt10018436,MOVIE
tt12588286,MOVIE
tt10279104,MOVIE
tt11193860,MOVIE
tt10927572,MOVIE
tt4384500,MOVIE
tt7212754,MOVIE
tt9742362,MOVIE
tt10376958,MOVIE
tt9749604,MOVIE
tt10871460,MOVIE
tt10656112,MOVIE
tt10715202,MOVIE
tt11530234,SERIES
tt10217780,MOVIE
tt10243660,MOVIE
tt10349240,MOVIE
tt10241024,MOVIE
tt9533342,MOVIE
tt10640262,MOVIE
tt8011344,MOVIE
tt11513508,MOVIE
tt8852408,SERIES
tt13034096,MOVIE
tt11163028,MOVIE
tt15929232,MOVIE
tt4971258,MOVIE
tt12721188,MOVIE
tt9113332,MOVIE
tt9194246,MOVIE
tt10643938,MOVIE
tt10121762,MOVIE
tt10996896,MOVIE
tt15526612,MOVIE
tt6335714,MOVIE
tt7527082,MOVIE
tt9204606,MOVIE
tt11916980,MOVIE
tt11066130,MOVIE
tt9665400,MOVIE
tt10432682,MOVIE
tt10540024,MOVIE
tt10087952,MOVIE
tt11640412,MOVIE
tt8319768,MOVIE
tt13453940,MOVIE
tt11168150,MOVIE
tt12724622,MOVIE
tt10327136,MOVIE
tt11262978,MOVIE
tt10637682,MOVIE
tt9817300,MOVIE
tt9817308,MOVIE
tt14928724,MOVIE
tt5338082,MOVIE
tt14706754,MOVIE
tt12263440,MOVIE
tt10687588,MOVIE
tt12217814,MOVIE
tt10399342,MOVIE
tt7268736,MOVIE
tt13836494,MOVIE
tt12401232,MOVIE
tt9859758,MOVIE
tt11960940,MOVIE
tt11060730,MOVIE
tt15140954,MOVIE
tt20866760,MOVIE
tt9364848,MOVIE
tt10413458,MOVIE
tt12327140,MOVIE
tt8958304,MOVIE
tt13502066,MOVIE
tt12759420,MOVIE
tt11469660,SERIES
tt11066396,MOVIE
tt12486200,MOVIE
tt13846404,MOVIE
tt10242216,SERIES
tt10965300,MOVIE
tt9014248,MOVIE
tt15139398,MOVIE
tt7748196,MOVIE
tt10965252,MOVIE
tt11987330,MOVIE
tt11434874,MOVIE
tt10081202,SERIES
tt13280838,MOVIE
tt9307666,MOVIE
tt10181594,MOVIE
tt13149312,MOVIE
tt10346206,MOVIE
tt10927576,MOVIE
tt12434912,MOVIE
tt13483050,SERIES
tt8846072,MOVIE
tt13607632,MOVIE
tt10990804,MOVIE
tt11831084,SERIES
tt12982218,MOVIE
tt11738790,MOVIE
tt10044704,SERIES
tt9526822,MOVIE
tt12055392,MOVIE
tt11942100,MOVIE
tt12588398,MOVIE
tt10397430,MOVIE
tt10984818,SERIES
tt9140354,MOVIE
tt9680076,MOVIE
tt13328840,MOVIE
tt10438652,MOVIE
tt11378154,MOVIE
tt13445916,MOVIE
tt10643918,MOVIE
tt13411942,MOVIE
tt10522374,MOVIE
tt10545994,MOVIE
tt10508182,MOVIE
tt6018556,MOVIE
tt13529992,MOVIE
tt9328616,MOVIE
tt10519534,MOVIE
tt20872648,MOVIE
tt11792734,MOVIE
tt10076722,MOVIE
tt10039468,MOVIE
tt11829884,MOVIE
tt10446658,MOVIE
tt10290062,MOVIE
tt12424356,MOVIE
tt10066526,MOVIE
tt14605914,SERIES
tt10945950,MOVIE
tt10438658,SERIES
tt11162974,MOVIE
tt8900142,MOVIE
tt9557190,SERIES
tt13081264,MOVIE
tt9389622,MOVIE
tt9448362,MOVIE
tt10777716,MOVIE
tt13439998,MOVIE
tt10987498,MOVIE
tt9176136,SERIES
tt9861498,MOVIE
tt1649418,SERIES
tt9660182,MOVIE
tt8178634,SERIES
tt6467266,MOVIE
tt11671006,MOVIE
tt13456318,MOVIE
tt8009428,MOVIE
tt9783600,MOVIE
tt13833978,MOVIE
tt13640670,SERIES
tt9288046,SERIES
tt21059520,MOVIE
tt21062540,MOVIE
tt13861620,SERIES
tt20560404,SERIES
tt18968540,SERIES
tt13235822,MOVIE
tt21063170,MOVIE
tt14097144,SERIES
tt1879016,SERIES
tt10574558,MOVIE
tt8740976,SERIES
tt10127708,SERIES
tt15292870,MOVIE
tt21106500,SERIES
tt12748084,MOVIE
tt11126994,SERIES
tt10919420,SERIES
tt13696452,SERIES
tt2463208,SERIES
tt10638036,MOVIE
tt9170236,SERIES
tt11337908,SERIES
tt11286314,SERIES
tt10293406,MOVIE
tt21030224,MOVIE
tt17736234,SERIES
tt14463552,SERIES
tt12005828,SERIES
tt14866710,SERIES
tt13315156,MOVIE
tt4181158,SERIES
tt15096884,MOVIE
tt15407486,SERIES
tt12446242,SERIES
tt14174940,SERIES
tt20859920,MOVIE
tt10203880,SERIES
tt15264192,SERIES
tt11311302,SERIES
tt9100054,SERIES
tt2403776,SERIES
tt18783984,SERIES
tt8721424,SERIES
tt20602042,MOVIE
tt13315324,SERIES
tt7991608,SERIES
tt21049186,MOVIE
tt19895946,SERIES
tt13365348,SERIES
tt2201227,SERIES
tt14849626,SERIES
tt14169960,SERIES
tt18750552,SERIES
tt13175788,SERIES
tt21049266,MOVIE
tt15521050,MOVIE
tt7978758,MOVIE
tt11790780,MOVIE
tt16348586,MOVIE
tt7979580,SERIES
tt14494894,MOVIE
tt18751672,SERIES
tt10011306,SERIES
tt12809988,SERIES
tt10696784,SERIES
tt9851854,MOVIE
tt9698442,MOVIE
tt19704638,SERIES
tt14088994,MOVIE
tt2531336,SERIES
tt15035360,SERIES
tt19758756,MOVIE
tt10945036,SERIES
tt5315212,SERIES
tt12304420,MOVIE
tt14589904,SERIES
tt11755740,SERIES
tt9421570,MOVIE
tt6506264,MOVIE
tt9288848,MOVIE
tt20201450,SERIES
tt10231312,MOVIE
tt13610562,SERIES
tt17216636,MOVIE
tt20597418,SERIES
tt13018574,SERIES
tt13446244,SERIES
tt12680684,SERIES
tt20560384,MOVIE
tt21044524,SERIES
tt11233960,MOVIE
tt18260538,MOVIE
tt1267295,SERIES
tt10611608,SERIES
tt12235718,SERIES
tt13873302,MOVIE
tt12141112,MOVIE
tt12940732,MOVIE
tt14463542,SERIES
tt19637852,SERIES
tt11859542,MOVIE
tt11343600,SERIES
tt13919802,SERIES
tt13649532,MOVIE
tt19885626,SERIES
tt11364112,MOVIE
tt6566576,MOVIE
tt10839422,MOVIE
tt14030682,SERIES
tt14544192,MOVIE
tt8131720,MOVIE
tt13655456,MOVIE
tt8368408,SERIES
tt16360006,MOVIE
tt8893974,MOVIE
tt7475578,MOVIE
tt10888878,MOVIE
tt13987620,SERIES
tt13980362,SERIES
tt13024674,SERIES
tt19037550,MOVIE
tt14626352,SERIES
tt11570202,SERIES
tt10834220,SERIES
tt9012876,SERIES
tt14817272,SERIES
tt18258584,MOVIE
tt15215512,MOVIE
tt18312376,MOVIE
tt0993840,MOVIE
tt11893274,MOVIE
tt11278476,MOVIE
tt6708668,MOVIE
tt14079374,MOVIE
tt14140886,MOVIE
tt11541872,SERIES
tt14556392,MOVIE
tt11514780,MOVIE
tt7737528,MOVIE
tt3661210,MOVIE
tt11834150,MOVIE
tt11053426,SERIES
tt20723672,SERIES
tt21062288,MOVIE
tt11804152,SERIES
tt9701940,MOVIE
tt4733624,MOVIE
tt7985576,MOVIE
tt19034522,SERIES
tt14599438,MOVIE
tt15260794,SERIES
tt15341198,SERIES
tt6874762,SERIES
tt15575356,MOVIE
tt11092142,MOVIE
tt10896634,SERIES
tt12940504,MOVIE
tt8610436,SERIES
tt9170516,MOVIE
tt15523010,MOVIE
tt13056008,MOVIE
tt13457822,MOVIE
tt8787772,SERIES
tt9742794,SERIES
tt18082212,MOVIE
tt14992922,SERIES
tt16379454,MOVIE
tt11937816,MOVIE
tt15311262,SERIES
tt14664414,MOVIE
tt9569546,SERIES
tt6341832,SERIES
tt11168604,MOVIE
tt12335692,SERIES
tt13109952,MOVIE
tt6111574,MOVIE
tt5774002,MOVIE
tt12996154,SERIES
tt15019128,MOVIE
tt10691162,SERIES
tt12532368,MOVIE
tt10147644,MOVIE
tt13276352,SERIES
tt14592064,MOVIE
tt12923028,MOVIE
tt6571548,MOVIE
tt13317454,MOVIE
tt9073940,SERIES
tt13317508,SERIES
tt15479704,SERIES
tt14915608,SERIES
tt11892272,MOVIE
tt12383460,MOVIE
tt15677070,MOVIE
tt18555320,SERIES
tt14819828,MOVIE
tt14506528,SERIES
tt8009744,MOVIE
tt5164438,MOVIE
tt3758814,MOVIE
tt15268768,MOVIE
tt8179402,SERIES
tt13575806,SERIES
tt10826054,MOVIE
tt13069986,SERIES
tt9165438,MOVIE
tt18926162,SERIES
tt21030216,SERIES
tt14865290,MOVIE
tt8545482,MOVIE
tt15146130,MOVIE
tt13323004,SERIES
tt13925166,SERIES
tt15189534,SERIES
tt18299058,MOVIE
tt19034332,SERIES
tt8521876,MOVIE
tt13528564,MOVIE
tt13651632,MOVIE
tt14539744,SERIES
tt14832996,MOVIE
tt15096836,SERIES
tt6455162,SERIES
tt8323702,MOVIE
tt20604466,SERIES
tt20420316,MOVIE
tt8376234,MOVIE
tt10011314,SERIES
tt19869374,SERIES
tt10813940,MOVIE
tt11301946,SERIES
tt1893273,MOVIE
tt18970124,MOVIE
tt15723914,SERIES
tt16492950,SERIES
tt12789212,SERIES
tt10062046,MOVIE
tt10962368,SERIES
tt6338498,MOVIE
tt18314214,MOVIE
tt13968792,SERIES
tt13357124,SERIES
tt17513352,SERIES
tt15392100,SERIES
tt10101702,SERIES
tt20859930,MOVIE
tt14158554,SERIES
tt14465894,MOVIE
tt13064634,MOVIE
tt11607896,SERIES
tt13879466,MOVIE
tt11657662,MOVIE
tt10083340,MOVIE
tt15509164,MOVIE
tt14959710,MOVIE
tt12676326,SERIES
tt13978306,MOVIE
tt14252964,MOVIE
tt14223858,SERIES
tt12838766,SERIES
tt8851668,MOVIE
tt13837672,MOVIE
tt15479902,SERIES
tt13676344,MOVIE
tt12676006,SERIES
tt18970454,MOVIE
tt5563324,SERIES
tt6889042,MOVIE
tt10521144,MOVIE
tt14463484,MOVIE
tt15049206,MOVIE
tt13164942,SERIES
tt18096250,MOVIE
tt18974572,MOVIE
tt15393644,SERIES
tt18217272,SERIES
tt20560428,SERIES
tt13660958,SERIES
tt13822738,SERIES
tt10140028,MOVIE
tt7014378,SERIES
tt10752004,MOVIE
tt20723748,MOVIE
tt14442054,MOVIE
tt17491040,SERIES
tt14115912,MOVIE
tt15490038,SERIES
tt14460684,SERIES
tt10230994,SERIES
tt15907298,MOVIE
tt8747160,MOVIE
tt13357140,MOVIE
tt10763820,SERIES
tt14272628,MOVIE
tt21106704,SERIES
tt11762434,SERIES
tt19768508,MOVIE
tt21081098,MOVIE
tt6733874,SERIES
tt9660510,MOVIE
tt4479380,MOVIE
tt13433812,MOVIE
tt14813966,SERIES
tt6852526,MOVIE
tt10121392,MOVIE
tt14681732,MOVIE
tt15548032,SERIES
tt11465278,MOVIE
tt10418662,SERIES
tt20723730,MOVIE
tt18396952,MOVIE
tt11102190,SERIES
tt12885670,SERIES
tt14168118,SERIES
tt15614372,MOVIE
tt4590256,SERIES
tt10635042,MOVIE
tt11332850,SERIES
tt10366574,MOVIE
tt17005888,MOVIE
tt12147800,MOVIE
tt9310336,SERIES
tt16477402,SERIES
tt11703050,SERIES
tt13989030,MOVIE
tt10322274,MOVIE
tt8150814,MOVIE
tt15674216,MOVIE
tt9203694,SERIES
tt14518756,MOVIE
tt17542000,SERIES
tt16259786,MOVIE
tt13617060,MOVIE
tt13278100,SERIES
tt21049116,SERIES
tt10731768,MOVIE
tt14069590,MOVIE
tt7268738,SERIES
tt11290960,MOVIE
tt12626014,SERIES
tt13357164,SERIES
tt14152756,SERIES
tt11023732,MOVIE
tt17737382,MOVIE
tt10809742,SERIES
tt18923048,MOVIE
tt12027896,MOVIE
tt11224358,SERIES
tt7737700,MOVIE
tt15172154,MOVIE
tt5562070,SERIES
tt18563148,MOVIE
tt13793230,MOVIE
tt8231668,MOVIE
tt10332588,MOVIE
tt8310474,MOVIE
tt15000314,MOVIE
tt15777864,MOVIE
tt19115260,MOVIE
tt13323566,SERIES
tt15484900,SERIES
tt15166116,SERIES
tt14300912,SERIES
tt12885272,MOVIE
tt13393058,MOVIE
tt13660962,MOVIE
tt13323118,SERIES
tt18955474,MOVIE
tt18260550,SERIES
tt15036416,SERIES
tt15287836,MOVIE
tt12360292,SERIES
tt14369056,SERIES
tt13634872,SERIES
tt15140592,SERIES
tt14035242,SERIES
tt14492910,MOVIE
tt14153686,SERIES
tt15085802,SERIES
tt5540990,MOVIE
tt15119170,SERIES
tt12624928,MOVIE
tt13729220,SERIES
tt13317582,MOVIE
tt11742798,SERIES
tt9184982,MOVIE
tt13645322,SERIES
tt19315934,MOVIE
tt12502782,SERIES
tt15090462,SERIES
tt20723644,MOVIE
tt20192096,MOVIE
tt15101670,SERIES
tt20854216,SERIES
tt14691616,MOVIE
tt14167390,SERIES
tt10841088,SERIES
tt13357234,MOVIE
tt10360772,MOVIE
tt14479746,MOVIE
tt14759406,MOVIE
tt10919290,SERIES
tt14404596,SERIES
tt13412252,MOVIE
tt14369276,MOVIE
tt16307970,MOVIE
tt15553956,SERIES
tt13972246,MOVIE
tt15553922,SERIES
tt10893694,SERIES
tt8878862,SERIES
tt8746404,SERIES
tt14078164,MOVIE
tt14637290,MOVIE
tt13351614,MOVIE
tt6925902,SERIES
tt14134334,MOVIE
tt15771888,SERIES
tt11316680,SERIES
tt13649692,MOVIE
tt13472984,SERIES
tt19389564,MOVIE
tt14950036,SERIES
tt11934846,SERIES
tt20723738,MOVIE
tt1587420,MOVIE
tt16584084,MOVIE
tt13156316,SERIES
tt13495314,SERIES
tt15469820,SERIES
tt13789092,MOVIE
tt16912298,MOVIE
tt19315924,SERIES
tt15373558,MOVIE
tt13313408,MOVIE
tt15198608,MOVIE
tt13648220,MOVIE
tt12783454,SERIES
tt13715448,MOVIE
tt15171996,SERIES
tt6714432,SERIES
tt14731794,MOVIE
tt9471660,SERIES
tt7084386,MOVIE
tt18304232,MOVIE
tt15517928,MOVIE
tt14057360,SERIES
tt15060900,SERIES
tt7518786,SERIES
tt15402912,MOVIE
tt11991748,SERIES
tt11269026,MOVIE
tt20113404,MOVIE
tt16301388,SERIES
tt13387422,MOVIE
tt20192132,MOVIE
tt10516196,SERIES
tt12663250,MOVIE
tt10451914,MOVIE
tt19859458,MOVIE
tt15977708,MOVIE
tt13583144,SERIES
tt7646322,MOVIE
tt11263022,MOVIE
tt9310330,MOVIE
tt15125616,SERIES
tt15309342,SERIES
tt8690776,SERIES
tt15384346,SERIES
tt8241000,SERIES
tt13017204,MOVIE
tt11809034,MOVIE
tt13617024,MOVIE
tt20597270,SERIES
tt14023192,MOVIE
tt15470160,SERIES
tt15943826,SERIES
tt14503370,SERIES
tt13524842,MOVIE
tt10676012,SERIES
tt13231962,MOVIE
tt15417248,SERIES
tt14916746,MOVIE
tt14265992,SERIES
tt16085592,MOVIE
tt15436028,MOVIE
tt14992232,SERIES
tt14859224,SERIES
tt14315500,SERIES
tt16027926,MOVIE
tt20754622,SERIES
tt12717354,MOVIE
tt12211696,SERIES
tt14518284,SERIES
tt11388278,SERIES
tt10545250,MOVIE
tt13087512,SERIES
tt13391710,SERIES
tt10540276,MOVIE
tt14315756,SERIES
tt13510660,MOVIE
tt15301854,MOVIE
tt15293256,SERIES
tt2850272,MOVIE
tt13470094,MOVIE
tt14167344,MOVIE
tt13956560,SERIES
tt15101938,SERIES
tt13053222,MOVIE
tt20597408,SERIES
tt13842562,MOVIE
tt11052470,MOVIE
tt13308276,SERIES
tt13717980,SERIES
tt13926994,SERIES
tt6317656,MOVIE
tt10741846,MOVIE
tt15494864,MOVIE
tt19398016,SERIES
tt11698590,SERIES
tt14527650,SERIES
tt14111734,SERIES
tt15529566,MOVIE
tt13758760,SERIES
tt10515864,MOVIE
tt14247286,MOVIE
tt8456190,MOVIE
tt11725680,MOVIE
tt19995810,MOVIE
tt15339848,MOVIE
tt13229964,MOVIE
tt20723742,SERIES
tt15857304,MOVIE
tt15569106,MOVIE
tt14540892,SERIES
tt13288678,MOVIE
tt11182810,MOVIE
tt13238304,MOVIE
tt12771540,SERIES
tt14155414,MOVIE
tt13561292,SERIES
tt10613308,SERIES
tt14655298,MOVIE
tt8540808,SERIES
tt16428640,SERIES
tt10919304,SERIES
tt14140844,MOVIE
tt11734264,MOVIE
tt13275052,MOVIE
tt13834006,SERIES
tt15432804,MOVIE
tt10945274,MOVIE
tt14668192,MOVIE
tt18393972,SERIES
tt18315752,SERIES
tt16369694,MOVIE
tt15326678,MOVIE
tt14821886,SERIES
tt13885302,SERIES
tt13560186,SERIES
tt13735930,SERIES
tt14365230,SERIES
tt9248538,MOVIE
tt13323092,SERIES
tt18278666,MOVIE
tt19361940,MOVIE
tt14781176,SERIES
tt14217100,MOVIE
tt15665668,MOVIE
tt14163838,SERIES
tt16636178,SERIES
tt8960382,MOVIE
tt14691382,MOVIE
tt13940396,SERIES
tt14318406,SERIES
tt10187208,SERIES
tt21243226,MOVIE
tt18314220,SERIES
tt14677850,MOVIE
tt13321232,SERIES
tt14906826,SERIES
tt18970380,SERIES
tt14315584,MOVIE
tt11924738,MOVIE
tt9531772,MOVIE
tt16156744,MOVIE
tt15478708,SERIES
tt16583602,SERIES
tt13053042,SERIES
tt16306836,SERIES
tt14746934,SERIES
tt7311164,SERIES
tt14676004,MOVIE
tt15576986,SERIES
tt15257704,MOVIE
tt6964940,SERIES
tt12104930,MOVIE
tt16077338,SERIES
tt15377930,SERIES
tt13622146,SERIES
tt10971022,MOVIE
tt13322938,SERIES
tt15310736,SERIES
tt14675560,MOVIE
tt15349110,SERIES
tt19671142,SERIES
tt15119668,SERIES
tt15655276,MOVIE
tt16227948,MOVIE
tt10551256,SERIES
tt15938722,SERIES
tt15211330,MOVIE
tt15314640,SERIES
tt7743120,MOVIE
tt13814840,SERIES
tt11116374,SERIES
tt13070602,MOVIE
tt9013182,SERIES
tt15192032,MOVIE
tt14596414,SERIES
tt11717394,SERIES
tt15771508,SERIES
tt11698662,SERIES
tt14164234,MOVIE
tt15337666,MOVIE
tt18274172,MOVIE
tt5301942,SERIES
tt8907992,MOVIE
tt14167338,MOVIE
tt14671790,SERIES
tt14202738,SERIES
tt14818454,SERIES
tt14550060,SERIES
tt10483044,SERIES
tt19404044,MOVIE
tt14880258,MOVIE
tt14597294,MOVIE
tt14438518,MOVIE
tt16259804,SERIES
tt14574154,SERIES
tt15477516,MOVIE
tt14202476,SERIES
tt20012146,SERIES
tt14081914,MOVIE
tt11961378,MOVIE
tt13932162,SERIES
tt13241650,MOVIE
tt18469966,SERIES
tt15036422,SERIES
tt10687202,SERIES
tt14369296,SERIES
tt14539726,MOVIE
tt13282662,MOVIE
tt15373864,SERIES
tt14398500,MOVIE
tt16427718,SERIES
tt15068148,MOVIE
tt13884144,SERIES
tt14770480,MOVIE
tt2386826,SERIES
tt15717742,SERIES
tt10709484,SERIES
tt15018224,MOVIE
tt12808182,SERIES
tt16282866,MOVIE
tt14118046,MOVIE
tt13003996,MOVIE
tt9205538,MOVIE
tt14956090,MOVIE
tt15095938,SERIES
tt13377006,MOVIE
tt11898920,SERIES
tt12851396,SERIES
tt15847872,MOVIE
tt13702252,MOVIE
tt14731142,MOVIE
tt8907974,MOVIE
tt16088568,MOVIE
tt14029622,MOVIE
tt13317478,MOVIE
tt19352286,SERIES
tt15393650,MOVIE
tt14319674,MOVIE
tt16283666,SERIES
tt15527326,SERIES
tt15340790,SERIES
tt10183912,SERIES
tt19398068,SERIES
tt11188850,SERIES
tt14315542,MOVIE
tt18830896,SERIES
tt14482414,MOVIE
tt14058484,SERIES
tt15567380,MOVIE
tt14160660,SERIES
tt10097544,SERIES
tt15850662,MOVIE
tt15763882,MOVIE
tt15061770,MOVIE
tt13598976,SERIES
tt11937732,SERIES
tt15227100,SERIES
tt14169816,MOVIE
tt7716120,SERIES
tt11286552,MOVIE
tt14465966,MOVIE
tt18274188,SERIES
tt10619486,SERIES
tt10050740,SERIES
tt7601480,SERIES
tt13885336,MOVIE
tt15420598,SERIES
tt14091818,MOVIE
tt13351440,MOVIE
tt13670090,SERIES
tt15101964,SERIES
tt7587604,SERIES
tt15410190,MOVIE
tt15053428,SERIES
tt10098288,MOVIE
tt19178656,MOVIE
tt14168868,SERIES
tt18253682,SERIES
tt15527308,SERIES
tt11698630,SERIES
tt15204288,MOVIE
tt17076336,MOVIE
tt11374902,SERIES
tt13350858,MOVIE
tt15579188,MOVIE
tt13323170,MOVIE
tt13779166,SERIES
tt13935770,MOVIE
tt6704894,MOVIE
tt14968268,MOVIE
tt14267526,SERIES
tt16745502,SERIES
tt13818410,SERIES
tt11604676,MOVIE
tt11953194,MOVIE
tt13932598,MOVIE
tt19724012,SERIES
tt15085784,MOVIE
tt14354838,MOVIE
tt14644428,MOVIE
tt13573450,MOVIE
tt15091640,SERIES
tt14608922,MOVIE
tt13787118,MOVIE
tt12546872,SERIES
tt14837960,MOVIE
tt13067004,MOVIE
tt14856998,MOVIE
tt14417802,SERIES
tt16969906,SERIES
tt11307814,MOVIE
tt14177168,MOVIE
tt14216574,SERIES
tt20449034,SERIES
tt12881516,SERIES
tt14902484,MOVIE
tt14486678,SERIES
tt20597344,MOVIE
tt15674202,MOVIE
tt15387774,SERIES
tt10238792,MOVIE
tt13045890,SERIES
tt15216504,MOVIE
tt12929990,MOVIE
tt12439210,MOVIE
tt14369286,MOVIE
tt9845564,MOVIE
tt18568732,MOVIE
tt14164238,SERIES
tt13057626,SERIES
tt11594766,MOVIE
tt15478968,MOVIE
tt16146342,MOVIE
tt13323128,SERIES
tt13847924,MOVIE
tt14719590,MOVIE
tt15251764,SERIES
tt15344082,SERIES
tt15620158,SERIES
tt10340562,MOVIE
tt14428606,MOVIE
tt14107554,MOVIE
tt12299824,MOVIE
tt10666438,MOVIE
tt11460976,MOVIE
tt12013758,MOVIE
tt11847606,MOVIE
tt14999738,MOVIE
tt11194006,MOVIE
tt13079150,SERIES
tt12564616,MOVIE
tt11658120,MOVIE
tt15216520,MOVIE
tt15663868,SERIES
tt15360916,SERIES
tt15808044,MOVIE
tt9038290,SERIES
tt10152736,MOVIE
tt13846542,SERIES
tt14318430,MOVIE
tt11892916,MOVIE
tt15128558,MOVIE
tt12939812,SERIES
tt15302054,MOVIE
tt12379170,SERIES
tt13454122,SERIES
tt15796898,MOVIE
tt19731714,SERIES
tt11428926,MOVIE
tt11617848,MOVIE
tt15353358,MOVIE
tt8886670,SERIES
tt14362698,MOVIE
tt16088530,MOVIE
tt14404280,SERIES
tt14167424,MOVIE
tt15233856,MOVIE
tt14074470,SERIES
tt18954258,SERIES
tt14317062,SERIES
tt19072490,MOVIE
tt14554338,MOVIE
tt12154638,MOVIE
tt13356884,MOVIE
tt14025788,MOVIE
tt13528562,MOVIE
tt15523050,MOVIE
tt18750180,MOVIE
tt15204216,MOVIE
tt11363540,SERIES
tt15470770,MOVIE
tt14513646,MOVIE
tt16379224,SERIES
tt13623916,MOVIE
tt11703922,MOVIE
tt13947978,SERIES
tt14391622,MOVIE
tt10661848,MOVIE
tt18314226,MOVIE
tt15078760,MOVIE
tt14371060,SERIES
tt16453244,MOVIE
tt15338656,MOVIE
tt12861850,MOVIE
tt17887288,MOVIE
tt14910946,MOVIE
tt13649700,MOVIE
tt14111726,MOVIE
tt11412892,MOVIE
tt17162546,MOVIE
tt19373274,MOVIE
tt13269670,MOVIE
tt14599938,MOVIE
tt14064072,MOVIE
tt11991786,MOVIE
tt13368696,MOVIE
tt14035218,MOVIE
tt11592014,SERIES
tt16740216,MOVIE
tt13103212,MOVIE
tt13757540,MOVIE
tt15435146,MOVIE
tt14037542,MOVIE
tt19875708,SERIES
tt11027830,MOVIE
tt14376958,MOVIE
tt13022626,SERIES
tt16210966,MOVIE
tt14178956,MOVIE
tt14766956,SERIES
tt14880428,MOVIE
tt13032716,MOVIE
tt11821818,MOVIE
tt17044594,MOVIE
tt13701962,MOVIE
tt15150454,MOVIE
tt13853720,MOVIE
tt5343008,MOVIE
tt13866142,MOVIE
tt13103340,MOVIE
tt13244024,MOVIE
tt13691036,MOVIE
tt10307724,MOVIE
tt13377488,MOVIE
tt17162524,MOVIE
tt13018090,MOVIE
tt7026666,MOVIE
tt13310936,MOVIE
tt14684160,MOVIE
tt15863594,MOVIE
tt11503178,MOVIE
tt13065704,MOVIE
tt13782052,MOVIE
tt11253090,MOVIE
tt13784364,MOVIE
tt21195488,SERIES
tt15829666,SERIES
tt11142762,MOVIE
tt14898794,MOVIE
tt14369930,MOVIE
tt13033790,MOVIE
tt10393074,MOVIE
tt9769668,MOVIE
tt15101946,MOVIE
tt17545256,MOVIE
tt18274176,SERIES
tt11441458,SERIES
tt13529034,MOVIE
tt15134080,MOVIE
tt17052496,SERIES
tt12748300,SERIES
tt14236064,MOVIE
tt10300450,MOVIE
tt13848380,MOVIE
tt15733384,SERIES
tt18059108,MOVIE
tt15387782,MOVIE
tt15320436,MOVIE
tt13446126,SERIES
tt15796900,MOVIE
tt13043436,SERIES
tt14892216,MOVIE
tt14754320,MOVIE
tt15753666,MOVIE
tt12432642,MOVIE
tt15250050,SERIES
tt14403532,MOVIE
tt15711402,MOVIE
tt13887518,MOVIE
tt14719276,MOVIE
tt14227972,SERIES
tt15484488,MOVIE
tt15779034,MOVIE
tt14318392,SERIES
tt14024066,SERIES
tt13161356,MOVIE
tt14345386,MOVIE
tt14211236,MOVIE
tt17321170,MOVIE
tt14091172,MOVIE
tt15478768,SERIES
tt14611486,MOVIE
tt14078186,SERIES
tt15565714,SERIES
tt15250998,MOVIE
tt6275154,MOVIE
tt16290860,MOVIE
tt14315566,SERIES
tt14136320,MOVIE
tt14549558,SERIES
tt18396984,MOVIE
tt15496620,MOVIE
tt15772846,MOVIE
tt14807282,SERIES
tt15893460,MOVIE
tt13669344,MOVIE
tt15170710,MOVIE
tt14361314,SERIES
tt16444502,MOVIE
tt11213600,MOVIE
tt11143434,MOVIE
tt14299926,MOVIE
tt14202282,MOVIE
tt13696668,SERIES
tt9337574,SERIES
tt13349716,MOVIE
tt13979288,MOVIE
tt15684042,SERIES
tt14880310,SERIES
tt17162494,MOVIE
tt13357946,MOVIE
tt15717738,SERIES
tt13317694,MOVIE
tt15845288,MOVIE
tt16867200,MOVIE
tt15565724,MOVIE
tt15166478,MOVIE
tt13920016,MOVIE
tt16781874,MOVIE
tt16236048,MOVIE
tt7153564,MOVIE
tt15517974,MOVIE
tt13438900,MOVIE
tt12738164,SERIES
tt11570224,MOVIE
tt15820298,SERIES
tt11073148,MOVIE
tt14537060,MOVIE
tt14961160,SERIES
tt13728764,MOVIE
tt18274178,MOVIE
tt14766058,MOVIE
tt8622232,MOVIE
tt17162512,MOVIE
tt15979132,MOVIE
tt14540924,MOVIE
tt10168094,SERIES
tt15150424,MOVIE
tt14111708,MOVIE
tt13606090,MOVIE
tt11271990,SERIES
tt13555930,MOVIE
tt15149712,SERIES
tt15484242,MOVIE
tt16112918,MOVIE
tt14611368,MOVIE
tt16760592,MOVIE
tt14210424,MOVIE
tt17052148,SERIES
tt14620732,MOVIE
tt11102314,MOVIE
tt15084326,MOVIE
tt14033300,SERIES
tt14720502,MOVIE
tt13773882,MOVIE
tt11867140,MOVIE
tt14773250,MOVIE
tt15398694,MOVIE
tt11213372,MOVIE
tt13656220,MOVIE
tt19892832,SERIES
tt13575838,MOVIE
tt19883622,MOVIE
tt14537540,MOVIE
tt13694540,MOVIE
tt15565704,MOVIE
tt10038660,MOVIE
tt20198164,MOVIE
tt18570468,MOVIE
tt14243986,MOVIE
tt16161362,MOVIE
tt14494898,MOVIE
tt14880280,MOVIE
tt14540480,MOVIE
tt11936782,MOVIE
tt13524066,MOVIE
tt14512938,MOVIE
tt11668994,SERIES
tt11182984,MOVIE
tt13657102,MOVIE
tt12478372,MOVIE
tt13667212,MOVIE
tt11841144,MOVIE
tt14492912,MOVIE
tt15303262,SERIES
tt16260968,MOVIE
tt11313944,SERIES
tt15978704,MOVIE
tt13878800,SERIES
tt9176102,SERIES
tt15260940,SERIES
tt14051714,MOVIE
tt13136084,MOVIE
tt14412240,MOVIE
tt14307890,MOVIE
tt16806990,MOVIE
tt13399802,MOVIE
tt14586752,MOVIE
tt14216488,MOVIE
tt13857480,MOVIE
tt11803618,MOVIE
tt14585902,MOVIE
tt13711094,MOVIE
